PRECINCT_NAME,CANDIDATE_FULL_NAME,contest_party_id,candidate_party_id,CONTEST_TYPE,contest_id,CONTEST_ORDER,CANDIDATE_ORDER,CONTEST_FULL_NAME,TOTAL,PRECINCT_ID,precinct_order,contest_vote_for,PROCESSED_DONE,PROCESSED_STARTED,CONTEST_TOTAL,IS_WRITEIN
101,Election Day Turnout,,,-2,0,-100,1,Registration & Turnout,121,1,1,0,0,0,708,0
101,Vote by Mail Turnout,,,-2,0,-100,2,Registration & Turnout,493,1,1,0,0,0,708,0
101,All Mail Precincts Turnout,,,-2,0,-100,3,Registration & Turnout,0,1,1,0,0,0,708,0
101,GRN - JILL STEIN,,3,0,4,3,1,PRESIDENT AND VICE PRESIDENT,13,1,1,1,1,1,609,0
101,DEM - HILLARY CLINTON,,1,0,4,3,2,PRESIDENT AND VICE PRESIDENT,254,1,1,1,1,1,609,0
101,PF - GLORIA ESTELA LA RIVA,,5,0,4,3,3,PRESIDENT AND VICE PRESIDENT,2,1,1,1,1,1,609,0
101,REP - DONALD J. TRUMP,,2,0,4,3,4,PRESIDENT AND VICE PRESIDENT,312,1,1,1,1,1,609,0
101,LIB - GARY JOHNSON,,4,0,4,3,5,PRESIDENT AND VICE PRESIDENT,18,1,1,1,1,1,609,0
101,WRITE-IN,,,0,4,3,6,PRESIDENT AND VICE PRESIDENT,10,1,1,1,1,1,609,1
101,DEM - LORETTA L. SANCHEZ,,1,0,5,5,1,US SENATOR,154,1,1,1,1,1,438,0
101,DEM - KAMALA D. HARRIS,,1,0,5,5,2,US SENATOR,284,1,1,1,1,1,438,0
101,DEM - RITA RAMIREZ,,1,0,6,6,1,US REPRESENTATIVE 8th DISTRICT,238,1,1,1,1,1,584,0
101,REP - PAUL COOK,,2,0,6,6,2,US REPRESENTATIVE 8th DISTRICT,346,1,1,1,1,1,584,0
101,REP - DEVON MATHIS,,2,0,7,7,1,STATE ASSEMBLY 26th DISTRICT,327,1,1,1,1,1,558,0
101,DEM - RUBEN MACARENO,,1,0,7,7,2,STATE ASSEMBLY 26th DISTRICT,231,1,1,1,1,1,558,0
101,NON - JOHN A. UNGERSMA,,0,0,12,12,1,NORTHERN INYO HEALTHCARE Director-Zone 1,278,1,1,1,1,1,515,0
101,NON - RICHARD DOW MATTINGLY,,0,0,12,12,2,NORTHERN INYO HEALTHCARE Director-Zone 1,234,1,1,1,1,1,515,0
101,WRITE-IN,,,0,12,12,3,NORTHERN INYO HEALTHCARE Director-Zone 1,3,1,1,1,1,1,515,1
101,YES,,,4,14,14,1,MEASURE 51,248,1,1,1,1,1,576,0
101,NO,,,4,14,14,2,MEASURE 51,328,1,1,1,1,1,576,0
101,YES,,,4,15,15,1,MEASURE 52,337,1,1,1,1,1,567,0
101,NO,,,4,15,15,2,MEASURE 52,230,1,1,1,1,1,567,0
101,YES,,,4,16,16,1,MEASURE 53,276,1,1,1,1,1,555,0
101,NO,,,4,16,16,2,MEASURE 53,279,1,1,1,1,1,555,0
101,YES,,,4,17,17,1,MEASURE 54,330,1,1,1,1,1,555,0
101,NO,,,4,17,17,2,MEASURE 54,225,1,1,1,1,1,555,0
101,YES,,,4,18,18,1,MEASURE 55,313,1,1,1,1,1,574,0
101,NO,,,4,18,18,2,MEASURE 55,261,1,1,1,1,1,574,0
101,YES,,,4,19,19,1,MEASURE 56,325,1,1,1,1,1,595,0
101,NO,,,4,19,19,2,MEASURE 56,270,1,1,1,1,1,595,0
101,YES,,,4,20,20,1,MEASURE 57,317,1,1,1,1,1,574,0
101,NO,,,4,20,20,2,MEASURE 57,257,1,1,1,1,1,574,0
101,YES,,,4,21,21,1,MEASURE 58,389,1,1,1,1,1,576,0
101,NO,,,4,21,21,2,MEASURE 58,187,1,1,1,1,1,576,0
101,YES,,,4,22,22,1,MEASURE 59,281,1,1,1,1,1,548,0
101,NO,,,4,22,22,2,MEASURE 59,267,1,1,1,1,1,548,0
101,YES,,,4,23,23,1,MEASURE 60,202,1,1,1,1,1,545,0
101,NO,,,4,23,23,2,MEASURE 60,343,1,1,1,1,1,545,0
101,YES,,,4,24,24,1,MEASURE 61,226,1,1,1,1,1,553,0
101,NO,,,4,24,24,2,MEASURE 61,327,1,1,1,1,1,553,0
101,YES,,,4,25,25,1,MEASURE 62,233,1,1,1,1,1,581,0
101,NO,,,4,25,25,2,MEASURE 62,348,1,1,1,1,1,581,0
101,YES,,,4,26,26,1,MEASURE 63,258,1,1,1,1,1,598,0
101,NO,,,4,26,26,2,MEASURE 63,340,1,1,1,1,1,598,0
101,YES,,,4,27,27,1,MEASURE 64,343,1,1,1,1,1,600,0
101,NO,,,4,27,27,2,MEASURE 64,257,1,1,1,1,1,600,0
101,YES,,,4,28,28,1,MEASURE 65,218,1,1,1,1,1,576,0
101,NO,,,4,28,28,2,MEASURE 65,358,1,1,1,1,1,576,0
101,YES,,,4,29,29,1,MEASURE 66,260,1,1,1,1,1,545,0
101,NO,,,4,29,29,2,MEASURE 66,285,1,1,1,1,1,545,0
101,YES,,,4,30,30,1,MEASURE 67,279,1,1,1,1,1,586,0
101,NO,,,4,30,30,2,MEASURE 67,307,1,1,1,1,1,586,0
101,YES,,,4,31,31,1,MEASURE G,313,1,1,1,1,1,577,0
101,NO,,,4,31,31,2,MEASURE G,264,1,1,1,1,1,577,0
101,YES,,,4,32,32,1,MEASURE H,294,1,1,1,1,1,563,0
101,NO,,,4,32,32,2,MEASURE H,269,1,1,1,1,1,563,0
101,YES,,,4,33,33,1,MEASURE I,375,1,1,1,1,1,546,0
101,NO,,,4,33,33,2,MEASURE I,171,1,1,1,1,1,546,0
102,Election Day Turnout,,,-2,0,-100,1,Registration & Turnout,221,2,2,0,0,0,911,0
102,Vote by Mail Turnout,,,-2,0,-100,2,Registration & Turnout,514,2,2,0,0,0,911,0
102,All Mail Precincts Turnout,,,-2,0,-100,3,Registration & Turnout,0,2,2,0,0,0,911,0
102,GRN - JILL STEIN,,3,0,4,3,1,PRESIDENT AND VICE PRESIDENT,13,2,2,1,1,1,722,0
102,DEM - HILLARY CLINTON,,1,0,4,3,2,PRESIDENT AND VICE PRESIDENT,252,2,2,1,1,1,722,0
102,PF - GLORIA ESTELA LA RIVA,,5,0,4,3,3,PRESIDENT AND VICE PRESIDENT,1,2,2,1,1,1,722,0
102,REP - DONALD J. TRUMP,,2,0,4,3,4,PRESIDENT AND VICE PRESIDENT,411,2,2,1,1,1,722,0
102,LIB - GARY JOHNSON,,4,0,4,3,5,PRESIDENT AND VICE PRESIDENT,26,2,2,1,1,1,722,0
102,WRITE-IN,,,0,4,3,6,PRESIDENT AND VICE PRESIDENT,19,2,2,1,1,1,722,1
102,DEM - LORETTA L. SANCHEZ,,1,0,5,5,1,US SENATOR,209,2,2,1,1,1,531,0
102,DEM - KAMALA D. HARRIS,,1,0,5,5,2,US SENATOR,322,2,2,1,1,1,531,0
102,DEM - RITA RAMIREZ,,1,0,6,6,1,US REPRESENTATIVE 8th DISTRICT,234,2,2,1,1,1,692,0
102,REP - PAUL COOK,,2,0,6,6,2,US REPRESENTATIVE 8th DISTRICT,458,2,2,1,1,1,692,0
102,REP - DEVON MATHIS,,2,0,7,7,1,STATE ASSEMBLY 26th DISTRICT,445,2,2,1,1,1,676,0
102,DEM - RUBEN MACARENO,,1,0,7,7,2,STATE ASSEMBLY 26th DISTRICT,231,2,2,1,1,1,676,0
102,NON - PHIL HARTZ,,0,0,13,13,1,NORTHERN INYO HEALTHCARE Director-Zone 2,353,2,2,1,1,1,618,0
102,NON - DENISE M. HAYDEN,,0,0,13,13,2,NORTHERN INYO HEALTHCARE Director-Zone 2,260,2,2,1,1,1,618,0
102,WRITE-IN,,,0,13,13,3,NORTHERN INYO HEALTHCARE Director-Zone 2,5,2,2,1,1,1,618,1
102,YES,,,4,14,14,1,MEASURE 51,292,2,2,1,1,1,675,0
102,NO,,,4,14,14,2,MEASURE 51,383,2,2,1,1,1,675,0
102,YES,,,4,15,15,1,MEASURE 52,421,2,2,1,1,1,682,0
102,NO,,,4,15,15,2,MEASURE 52,261,2,2,1,1,1,682,0
102,YES,,,4,16,16,1,MEASURE 53,340,2,2,1,1,1,668,0
102,NO,,,4,16,16,2,MEASURE 53,328,2,2,1,1,1,668,0
102,YES,,,4,17,17,1,MEASURE 54,388,2,2,1,1,1,660,0
102,NO,,,4,17,17,2,MEASURE 54,272,2,2,1,1,1,660,0
102,YES,,,4,18,18,1,MEASURE 55,392,2,2,1,1,1,678,0
102,NO,,,4,18,18,2,MEASURE 55,286,2,2,1,1,1,678,0
102,YES,,,4,19,19,1,MEASURE 56,355,2,2,1,1,1,708,0
102,NO,,,4,19,19,2,MEASURE 56,353,2,2,1,1,1,708,0
102,YES,,,4,20,20,1,MEASURE 57,386,2,2,1,1,1,701,0
102,NO,,,4,20,20,2,MEASURE 57,315,2,2,1,1,1,701,0
102,YES,,,4,21,21,1,MEASURE 58,470,2,2,1,1,1,693,0
102,NO,,,4,21,21,2,MEASURE 58,223,2,2,1,1,1,693,0
102,YES,,,4,22,22,1,MEASURE 59,291,2,2,1,1,1,647,0
102,NO,,,4,22,22,2,MEASURE 59,356,2,2,1,1,1,647,0
102,YES,,,4,23,23,1,MEASURE 60,325,2,2,1,1,1,675,0
102,NO,,,4,23,23,2,MEASURE 60,350,2,2,1,1,1,675,0
102,YES,,,4,24,24,1,MEASURE 61,260,2,2,1,1,1,678,0
102,NO,,,4,24,24,2,MEASURE 61,418,2,2,1,1,1,678,0
102,YES,,,4,25,25,1,MEASURE 62,219,2,2,1,1,1,690,0
102,NO,,,4,25,25,2,MEASURE 62,471,2,2,1,1,1,690,0
102,YES,,,4,26,26,1,MEASURE 63,303,2,2,1,1,1,695,0
102,NO,,,4,26,26,2,MEASURE 63,392,2,2,1,1,1,695,0
102,YES,,,4,27,27,1,MEASURE 64,389,2,2,1,1,1,709,0
102,NO,,,4,27,27,2,MEASURE 64,320,2,2,1,1,1,709,0
102,YES,,,4,28,28,1,MEASURE 65,258,2,2,1,1,1,678,0
102,NO,,,4,28,28,2,MEASURE 65,420,2,2,1,1,1,678,0
102,YES,,,4,29,29,1,MEASURE 66,348,2,2,1,1,1,639,0
102,NO,,,4,29,29,2,MEASURE 66,291,2,2,1,1,1,639,0
102,YES,,,4,30,30,1,MEASURE 67,295,2,2,1,1,1,692,0
102,NO,,,4,30,30,2,MEASURE 67,397,2,2,1,1,1,692,0
102,YES,,,4,31,31,1,MEASURE G,365,2,2,1,1,1,686,0
102,NO,,,4,31,31,2,MEASURE G,321,2,2,1,1,1,686,0
102,YES,,,4,32,32,1,MEASURE H,342,2,2,1,1,1,661,0
102,NO,,,4,32,32,2,MEASURE H,319,2,2,1,1,1,661,0
102,YES,,,4,33,33,1,MEASURE I,415,2,2,1,1,1,640,0
102,NO,,,4,33,33,2,MEASURE I,225,2,2,1,1,1,640,0
103,Election Day Turnout,,,-2,0,-100,1,Registration & Turnout,186,3,3,0,0,0,678,0
103,Vote by Mail Turnout,,,-2,0,-100,2,Registration & Turnout,380,3,3,0,0,0,678,0
103,All Mail Precincts Turnout,,,-2,0,-100,3,Registration & Turnout,0,3,3,0,0,0,678,0
103,GRN - JILL STEIN,,3,0,4,3,1,PRESIDENT AND VICE PRESIDENT,12,3,3,1,1,1,548,0
103,DEM - HILLARY CLINTON,,1,0,4,3,2,PRESIDENT AND VICE PRESIDENT,182,3,3,1,1,1,548,0
103,PF - GLORIA ESTELA LA RIVA,,5,0,4,3,3,PRESIDENT AND VICE PRESIDENT,2,3,3,1,1,1,548,0
103,REP - DONALD J. TRUMP,,2,0,4,3,4,PRESIDENT AND VICE PRESIDENT,322,3,3,1,1,1,548,0
103,LIB - GARY JOHNSON,,4,0,4,3,5,PRESIDENT AND VICE PRESIDENT,21,3,3,1,1,1,548,0
103,WRITE-IN,,,0,4,3,6,PRESIDENT AND VICE PRESIDENT,9,3,3,1,1,1,548,1
103,DEM - LORETTA L. SANCHEZ,,1,0,5,5,1,US SENATOR,133,3,3,1,1,1,379,0
103,DEM - KAMALA D. HARRIS,,1,0,5,5,2,US SENATOR,246,3,3,1,1,1,379,0
103,DEM - RITA RAMIREZ,,1,0,6,6,1,US REPRESENTATIVE 8th DISTRICT,159,3,3,1,1,1,526,0
103,REP - PAUL COOK,,2,0,6,6,2,US REPRESENTATIVE 8th DISTRICT,367,3,3,1,1,1,526,0
103,REP - DEVON MATHIS,,2,0,7,7,1,STATE ASSEMBLY 26th DISTRICT,353,3,3,1,1,1,503,0
103,DEM - RUBEN MACARENO,,1,0,7,7,2,STATE ASSEMBLY 26th DISTRICT,150,3,3,1,1,1,503,0
103,NON - PHIL HARTZ,,0,0,13,13,1,NORTHERN INYO HEALTHCARE Director-Zone 2,222,3,3,1,1,1,482,0
103,NON - DENISE M. HAYDEN,,0,0,13,13,2,NORTHERN INYO HEALTHCARE Director-Zone 2,257,3,3,1,1,1,482,0
103,WRITE-IN,,,0,13,13,3,NORTHERN INYO HEALTHCARE Director-Zone 2,3,3,3,1,1,1,482,1
103,YES,,,4,14,14,1,MEASURE 51,191,3,3,1,1,1,535,0
103,NO,,,4,14,14,2,MEASURE 51,344,3,3,1,1,1,535,0
103,YES,,,4,15,15,1,MEASURE 52,278,3,3,1,1,1,526,0
103,NO,,,4,15,15,2,MEASURE 52,248,3,3,1,1,1,526,0
103,YES,,,4,16,16,1,MEASURE 53,258,3,3,1,1,1,509,0
103,NO,,,4,16,16,2,MEASURE 53,251,3,3,1,1,1,509,0
103,YES,,,4,17,17,1,MEASURE 54,310,3,3,1,1,1,514,0
103,NO,,,4,17,17,2,MEASURE 54,204,3,3,1,1,1,514,0
103,YES,,,4,18,18,1,MEASURE 55,243,3,3,1,1,1,520,0
103,NO,,,4,18,18,2,MEASURE 55,277,3,3,1,1,1,520,0
103,YES,,,4,19,19,1,MEASURE 56,278,3,3,1,1,1,548,0
103,NO,,,4,19,19,2,MEASURE 56,270,3,3,1,1,1,548,0
103,YES,,,4,20,20,1,MEASURE 57,256,3,3,1,1,1,534,0
103,NO,,,4,20,20,2,MEASURE 57,278,3,3,1,1,1,534,0
103,YES,,,4,21,21,1,MEASURE 58,319,3,3,1,1,1,530,0
103,NO,,,4,21,21,2,MEASURE 58,211,3,3,1,1,1,530,0
103,YES,,,4,22,22,1,MEASURE 59,190,3,3,1,1,1,501,0
103,NO,,,4,22,22,2,MEASURE 59,311,3,3,1,1,1,501,0
103,YES,,,4,23,23,1,MEASURE 60,221,3,3,1,1,1,510,0
103,NO,,,4,23,23,2,MEASURE 60,289,3,3,1,1,1,510,0
103,YES,,,4,24,24,1,MEASURE 61,185,3,3,1,1,1,519,0
103,NO,,,4,24,24,2,MEASURE 61,334,3,3,1,1,1,519,0
103,YES,,,4,25,25,1,MEASURE 62,134,3,3,1,1,1,525,0
103,NO,,,4,25,25,2,MEASURE 62,391,3,3,1,1,1,525,0
103,YES,,,4,26,26,1,MEASURE 63,156,3,3,1,1,1,543,0
103,NO,,,4,26,26,2,MEASURE 63,387,3,3,1,1,1,543,0
103,YES,,,4,27,27,1,MEASURE 64,288,3,3,1,1,1,548,0
103,NO,,,4,27,27,2,MEASURE 64,260,3,3,1,1,1,548,0
103,YES,,,4,28,28,1,MEASURE 65,197,3,3,1,1,1,530,0
103,NO,,,4,28,28,2,MEASURE 65,333,3,3,1,1,1,530,0
103,YES,,,4,29,29,1,MEASURE 66,238,3,3,1,1,1,497,0
103,NO,,,4,29,29,2,MEASURE 66,259,3,3,1,1,1,497,0
103,YES,,,4,30,30,1,MEASURE 67,228,3,3,1,1,1,532,0
103,NO,,,4,30,30,2,MEASURE 67,304,3,3,1,1,1,532,0
103,YES,,,4,31,31,1,MEASURE G,282,3,3,1,1,1,528,0
103,NO,,,4,31,31,2,MEASURE G,246,3,3,1,1,1,528,0
103,YES,,,4,32,32,1,MEASURE H,274,3,3,1,1,1,518,0
103,NO,,,4,32,32,2,MEASURE H,244,3,3,1,1,1,518,0
103,YES,,,4,33,33,1,MEASURE I,326,3,3,1,1,1,502,0
103,NO,,,4,33,33,2,MEASURE I,176,3,3,1,1,1,502,0
104MB,Election Day Turnout,,,-2,0,-100,1,Registration & Turnout,0,4,4,0,0,0,80,0
104MB,Vote by Mail Turnout,,,-2,0,-100,2,Registration & Turnout,0,4,4,0,0,0,80,0
104MB,All Mail Precincts Turnout,,,-2,0,-100,3,Registration & Turnout,64,4,4,0,0,0,80,0
104MB,GRN - JILL STEIN,,3,0,4,3,1,PRESIDENT AND VICE PRESIDENT,1,4,4,1,1,1,63,0
104MB,DEM - HILLARY CLINTON,,1,0,4,3,2,PRESIDENT AND VICE PRESIDENT,25,4,4,1,1,1,63,0
104MB,PF - GLORIA ESTELA LA RIVA,,5,0,4,3,3,PRESIDENT AND VICE PRESIDENT,1,4,4,1,1,1,63,0
104MB,REP - DONALD J. TRUMP,,2,0,4,3,4,PRESIDENT AND VICE PRESIDENT,34,4,4,1,1,1,63,0
104MB,LIB - GARY JOHNSON,,4,0,4,3,5,PRESIDENT AND VICE PRESIDENT,2,4,4,1,1,1,63,0
104MB,WRITE-IN,,,0,4,3,6,PRESIDENT AND VICE PRESIDENT,0,4,4,1,1,1,0,1
104MB,DEM - LORETTA L. SANCHEZ,,1,0,5,5,1,US SENATOR,15,4,4,1,1,1,47,0
104MB,DEM - KAMALA D. HARRIS,,1,0,5,5,2,US SENATOR,32,4,4,1,1,1,47,0
104MB,DEM - RITA RAMIREZ,,1,0,6,6,1,US REPRESENTATIVE 8th DISTRICT,19,4,4,1,1,1,62,0
104MB,REP - PAUL COOK,,2,0,6,6,2,US REPRESENTATIVE 8th DISTRICT,43,4,4,1,1,1,62,0
104MB,REP - DEVON MATHIS,,2,0,7,7,1,STATE ASSEMBLY 26th DISTRICT,42,4,4,1,1,1,61,0
104MB,DEM - RUBEN MACARENO,,1,0,7,7,2,STATE ASSEMBLY 26th DISTRICT,19,4,4,1,1,1,61,0
104MB,NON - PHIL HARTZ,,0,0,13,13,1,NORTHERN INYO HEALTHCARE Director-Zone 2,36,4,4,1,1,1,56,0
104MB,NON - DENISE M. HAYDEN,,0,0,13,13,2,NORTHERN INYO HEALTHCARE Director-Zone 2,20,4,4,1,1,1,56,0
104MB,WRITE-IN,,,0,13,13,3,NORTHERN INYO HEALTHCARE Director-Zone 2,0,4,4,1,1,1,0,1
104MB,YES,,,4,14,14,1,MEASURE 51,30,4,4,1,1,1,61,0
104MB,NO,,,4,14,14,2,MEASURE 51,31,4,4,1,1,1,61,0
104MB,YES,,,4,15,15,1,MEASURE 52,37,4,4,1,1,1,61,0
104MB,NO,,,4,15,15,2,MEASURE 52,24,4,4,1,1,1,61,0
104MB,YES,,,4,16,16,1,MEASURE 53,39,4,4,1,1,1,62,0
104MB,NO,,,4,16,16,2,MEASURE 53,23,4,4,1,1,1,62,0
104MB,YES,,,4,17,17,1,MEASURE 54,40,4,4,1,1,1,62,0
104MB,NO,,,4,17,17,2,MEASURE 54,22,4,4,1,1,1,62,0
104MB,YES,,,4,18,18,1,MEASURE 55,36,4,4,1,1,1,62,0
104MB,NO,,,4,18,18,2,MEASURE 55,26,4,4,1,1,1,62,0
104MB,YES,,,4,19,19,1,MEASURE 56,28,4,4,1,1,1,63,0
104MB,NO,,,4,19,19,2,MEASURE 56,35,4,4,1,1,1,63,0
104MB,YES,,,4,20,20,1,MEASURE 57,36,4,4,1,1,1,62,0
104MB,NO,,,4,20,20,2,MEASURE 57,26,4,4,1,1,1,62,0
104MB,YES,,,4,21,21,1,MEASURE 58,45,4,4,1,1,1,62,0
104MB,NO,,,4,21,21,2,MEASURE 58,17,4,4,1,1,1,62,0
104MB,YES,,,4,22,22,1,MEASURE 59,34,4,4,1,1,1,61,0
104MB,NO,,,4,22,22,2,MEASURE 59,27,4,4,1,1,1,61,0
104MB,YES,,,4,23,23,1,MEASURE 60,19,4,4,1,1,1,61,0
104MB,NO,,,4,23,23,2,MEASURE 60,42,4,4,1,1,1,61,0
104MB,YES,,,4,24,24,1,MEASURE 61,16,4,4,1,1,1,62,0
104MB,NO,,,4,24,24,2,MEASURE 61,46,4,4,1,1,1,62,0
104MB,YES,,,4,25,25,1,MEASURE 62,21,4,4,1,1,1,62,0
104MB,NO,,,4,25,25,2,MEASURE 62,41,4,4,1,1,1,62,0
104MB,YES,,,4,26,26,1,MEASURE 63,24,4,4,1,1,1,63,0
104MB,NO,,,4,26,26,2,MEASURE 63,39,4,4,1,1,1,63,0
104MB,YES,,,4,27,27,1,MEASURE 64,34,4,4,1,1,1,63,0
104MB,NO,,,4,27,27,2,MEASURE 64,29,4,4,1,1,1,63,0
104MB,YES,,,4,28,28,1,MEASURE 65,22,4,4,1,1,1,60,0
104MB,NO,,,4,28,28,2,MEASURE 65,38,4,4,1,1,1,60,0
104MB,YES,,,4,29,29,1,MEASURE 66,29,4,4,1,1,1,59,0
104MB,NO,,,4,29,29,2,MEASURE 66,30,4,4,1,1,1,59,0
104MB,YES,,,4,30,30,1,MEASURE 67,30,4,4,1,1,1,61,0
104MB,NO,,,4,30,30,2,MEASURE 67,31,4,4,1,1,1,61,0
104MB,YES,,,4,31,31,1,MEASURE G,30,4,4,1,1,1,61,0
104MB,NO,,,4,31,31,2,MEASURE G,31,4,4,1,1,1,61,0
104MB,YES,,,4,32,32,1,MEASURE H,27,4,4,1,1,1,57,0
104MB,NO,,,4,32,32,2,MEASURE H,30,4,4,1,1,1,57,0
104MB,YES,,,4,33,33,1,MEASURE I,26,4,4,1,1,1,54,0
104MB,NO,,,4,33,33,2,MEASURE I,28,4,4,1,1,1,54,0
105MB,Election Day Turnout,,,-2,0,-100,1,Registration & Turnout,0,5,5,0,0,0,57,0
105MB,Vote by Mail Turnout,,,-2,0,-100,2,Registration & Turnout,0,5,5,0,0,0,57,0
105MB,All Mail Precincts Turnout,,,-2,0,-100,3,Registration & Turnout,53,5,5,0,0,0,57,0
105MB,GRN - JILL STEIN,,3,0,4,3,1,PRESIDENT AND VICE PRESIDENT,2,5,5,1,1,1,50,0
105MB,DEM - HILLARY CLINTON,,1,0,4,3,2,PRESIDENT AND VICE PRESIDENT,13,5,5,1,1,1,50,0
105MB,PF - GLORIA ESTELA LA RIVA,,5,0,4,3,3,PRESIDENT AND VICE PRESIDENT,0,5,5,1,1,1,0,0
105MB,REP - DONALD J. TRUMP,,2,0,4,3,4,PRESIDENT AND VICE PRESIDENT,33,5,5,1,1,1,50,0
105MB,LIB - GARY JOHNSON,,4,0,4,3,5,PRESIDENT AND VICE PRESIDENT,2,5,5,1,1,1,50,0
105MB,WRITE-IN,,,0,4,3,6,PRESIDENT AND VICE PRESIDENT,0,5,5,1,1,1,0,1
105MB,DEM - LORETTA L. SANCHEZ,,1,0,5,5,1,US SENATOR,20,5,5,1,1,1,35,0
105MB,DEM - KAMALA D. HARRIS,,1,0,5,5,2,US SENATOR,15,5,5,1,1,1,35,0
105MB,DEM - RITA RAMIREZ,,1,0,6,6,1,US REPRESENTATIVE 8th DISTRICT,13,5,5,1,1,1,51,0
105MB,REP - PAUL COOK,,2,0,6,6,2,US REPRESENTATIVE 8th DISTRICT,38,5,5,1,1,1,51,0
105MB,REP - DEVON MATHIS,,2,0,7,7,1,STATE ASSEMBLY 26th DISTRICT,40,5,5,1,1,1,50,0
105MB,DEM - RUBEN MACARENO,,1,0,7,7,2,STATE ASSEMBLY 26th DISTRICT,10,5,5,1,1,1,50,0
105MB,YES,,,4,14,14,1,MEASURE 51,12,5,5,1,1,1,50,0
105MB,NO,,,4,14,14,2,MEASURE 51,38,5,5,1,1,1,50,0
105MB,YES,,,4,15,15,1,MEASURE 52,19,5,5,1,1,1,50,0
105MB,NO,,,4,15,15,2,MEASURE 52,31,5,5,1,1,1,50,0
105MB,YES,,,4,16,16,1,MEASURE 53,26,5,5,1,1,1,48,0
105MB,NO,,,4,16,16,2,MEASURE 53,22,5,5,1,1,1,48,0
105MB,YES,,,4,17,17,1,MEASURE 54,26,5,5,1,1,1,47,0
105MB,NO,,,4,17,17,2,MEASURE 54,21,5,5,1,1,1,47,0
105MB,YES,,,4,18,18,1,MEASURE 55,25,5,5,1,1,1,50,0
105MB,NO,,,4,18,18,2,MEASURE 55,25,5,5,1,1,1,50,0
105MB,YES,,,4,19,19,1,MEASURE 56,21,5,5,1,1,1,52,0
105MB,NO,,,4,19,19,2,MEASURE 56,31,5,5,1,1,1,52,0
105MB,YES,,,4,20,20,1,MEASURE 57,23,5,5,1,1,1,47,0
105MB,NO,,,4,20,20,2,MEASURE 57,24,5,5,1,1,1,47,0
105MB,YES,,,4,21,21,1,MEASURE 58,28,5,5,1,1,1,50,0
105MB,NO,,,4,21,21,2,MEASURE 58,22,5,5,1,1,1,50,0
105MB,YES,,,4,22,22,1,MEASURE 59,10,5,5,1,1,1,44,0
105MB,NO,,,4,22,22,2,MEASURE 59,34,5,5,1,1,1,44,0
105MB,YES,,,4,23,23,1,MEASURE 60,14,5,5,1,1,1,49,0
105MB,NO,,,4,23,23,2,MEASURE 60,35,5,5,1,1,1,49,0
105MB,YES,,,4,24,24,1,MEASURE 61,17,5,5,1,1,1,50,0
105MB,NO,,,4,24,24,2,MEASURE 61,33,5,5,1,1,1,50,0
105MB,YES,,,4,25,25,1,MEASURE 62,13,5,5,1,1,1,49,0
105MB,NO,,,4,25,25,2,MEASURE 62,36,5,5,1,1,1,49,0
105MB,YES,,,4,26,26,1,MEASURE 63,14,5,5,1,1,1,51,0
105MB,NO,,,4,26,26,2,MEASURE 63,37,5,5,1,1,1,51,0
105MB,YES,,,4,27,27,1,MEASURE 64,22,5,5,1,1,1,52,0
105MB,NO,,,4,27,27,2,MEASURE 64,30,5,5,1,1,1,52,0
105MB,YES,,,4,28,28,1,MEASURE 65,19,5,5,1,1,1,49,0
105MB,NO,,,4,28,28,2,MEASURE 65,30,5,5,1,1,1,49,0
105MB,YES,,,4,29,29,1,MEASURE 66,22,5,5,1,1,1,44,0
105MB,NO,,,4,29,29,2,MEASURE 66,22,5,5,1,1,1,44,0
105MB,YES,,,4,30,30,1,MEASURE 67,15,5,5,1,1,1,49,0
105MB,NO,,,4,30,30,2,MEASURE 67,34,5,5,1,1,1,49,0
105MB,YES,,,4,31,31,1,MEASURE G,23,5,5,1,1,1,50,0
105MB,NO,,,4,31,31,2,MEASURE G,27,5,5,1,1,1,50,0
105MB,YES,,,4,32,32,1,MEASURE H,21,5,5,1,1,1,50,0
105MB,NO,,,4,32,32,2,MEASURE H,29,5,5,1,1,1,50,0
105MB,YES,,,4,33,33,1,MEASURE I,25,5,5,1,1,1,46,0
105MB,NO,,,4,33,33,2,MEASURE I,21,5,5,1,1,1,46,0
106,Election Day Turnout,,,-2,0,-100,1,Registration & Turnout,246,6,6,0,0,0,855,0
106,Vote by Mail Turnout,,,-2,0,-100,2,Registration & Turnout,464,6,6,0,0,0,855,0
106,All Mail Precincts Turnout,,,-2,0,-100,3,Registration & Turnout,0,6,6,0,0,0,855,0
106,GRN - JILL STEIN,,3,0,4,3,1,PRESIDENT AND VICE PRESIDENT,17,6,6,1,1,1,692,0
106,DEM - HILLARY CLINTON,,1,0,4,3,2,PRESIDENT AND VICE PRESIDENT,294,6,6,1,1,1,692,0
106,PF - GLORIA ESTELA LA RIVA,,5,0,4,3,3,PRESIDENT AND VICE PRESIDENT,3,6,6,1,1,1,692,0
106,REP - DONALD J. TRUMP,,2,0,4,3,4,PRESIDENT AND VICE PRESIDENT,338,6,6,1,1,1,692,0
106,LIB - GARY JOHNSON,,4,0,4,3,5,PRESIDENT AND VICE PRESIDENT,25,6,6,1,1,1,692,0
106,WRITE-IN,,,0,4,3,6,PRESIDENT AND VICE PRESIDENT,15,6,6,1,1,1,692,1
106,DEM - LORETTA L. SANCHEZ,,1,0,5,5,1,US SENATOR,183,6,6,1,1,1,521,0
106,DEM - KAMALA D. HARRIS,,1,0,5,5,2,US SENATOR,338,6,6,1,1,1,521,0
106,DEM - RITA RAMIREZ,,1,0,6,6,1,US REPRESENTATIVE 8th DISTRICT,287,6,6,1,1,1,674,0
106,REP - PAUL COOK,,2,0,6,6,2,US REPRESENTATIVE 8th DISTRICT,387,6,6,1,1,1,674,0
106,REP - DEVON MATHIS,,2,0,7,7,1,STATE ASSEMBLY 26th DISTRICT,381,6,6,1,1,1,658,0
106,DEM - RUBEN MACARENO,,1,0,7,7,2,STATE ASSEMBLY 26th DISTRICT,277,6,6,1,1,1,658,0
106,NON - HOWARD JOHN WU,,0,0,10,10,1,"BISHOP Member, City Council",206,6,6,3,1,1,1464,0
106,NON - LAURA SMITH,,0,0,10,10,2,"BISHOP Member, City Council",434,6,6,3,1,1,1464,0
106,NON - JIM ELLIS,,0,0,10,10,3,"BISHOP Member, City Council",353,6,6,3,1,1,1464,0
106,NON - PATRICIA ''PAT'' GARDNER,,0,0,10,10,4,"BISHOP Member, City Council",464,6,6,3,1,1,1464,0
106,WRITE-IN,,,0,10,10,5,"BISHOP Member, City Council",7,6,6,3,1,1,1464,1
106,NON - ROBERT KIMBALL,,0,0,11,11,1,BISHOP City Treasurer,541,6,6,1,1,1,550,0
106,WRITE-IN,,,0,11,11,2,BISHOP City Treasurer,9,6,6,1,1,1,550,1
106,YES,,,4,14,14,1,MEASURE 51,296,6,6,1,1,1,646,0
106,NO,,,4,14,14,2,MEASURE 51,350,6,6,1,1,1,646,0
106,YES,,,4,15,15,1,MEASURE 52,427,6,6,1,1,1,652,0
106,NO,,,4,15,15,2,MEASURE 52,225,6,6,1,1,1,652,0
106,YES,,,4,16,16,1,MEASURE 53,297,6,6,1,1,1,632,0
106,NO,,,4,16,16,2,MEASURE 53,335,6,6,1,1,1,632,0
106,YES,,,4,17,17,1,MEASURE 54,390,6,6,1,1,1,637,0
106,NO,,,4,17,17,2,MEASURE 54,247,6,6,1,1,1,637,0
106,YES,,,4,18,18,1,MEASURE 55,375,6,6,1,1,1,661,0
106,NO,,,4,18,18,2,MEASURE 55,286,6,6,1,1,1,661,0
106,YES,,,4,19,19,1,MEASURE 56,364,6,6,1,1,1,683,0
106,NO,,,4,19,19,2,MEASURE 56,319,6,6,1,1,1,683,0
106,YES,,,4,20,20,1,MEASURE 57,409,6,6,1,1,1,654,0
106,NO,,,4,20,20,2,MEASURE 57,245,6,6,1,1,1,654,0
106,YES,,,4,21,21,1,MEASURE 58,475,6,6,1,1,1,663,0
106,NO,,,4,21,21,2,MEASURE 58,188,6,6,1,1,1,663,0
106,YES,,,4,22,22,1,MEASURE 59,312,6,6,1,1,1,615,0
106,NO,,,4,22,22,2,MEASURE 59,303,6,6,1,1,1,615,0
106,YES,,,4,23,23,1,MEASURE 60,246,6,6,1,1,1,633,0
106,NO,,,4,23,23,2,MEASURE 60,387,6,6,1,1,1,633,0
106,YES,,,4,24,24,1,MEASURE 61,265,6,6,1,1,1,643,0
106,NO,,,4,24,24,2,MEASURE 61,378,6,6,1,1,1,643,0
106,YES,,,4,25,25,1,MEASURE 62,280,6,6,1,1,1,662,0
106,NO,,,4,25,25,2,MEASURE 62,382,6,6,1,1,1,662,0
106,YES,,,4,26,26,1,MEASURE 63,290,6,6,1,1,1,670,0
106,NO,,,4,26,26,2,MEASURE 63,380,6,6,1,1,1,670,0
106,YES,,,4,27,27,1,MEASURE 64,397,6,6,1,1,1,681,0
106,NO,,,4,27,27,2,MEASURE 64,284,6,6,1,1,1,681,0
106,YES,,,4,28,28,1,MEASURE 65,271,6,6,1,1,1,664,0
106,NO,,,4,28,28,2,MEASURE 65,393,6,6,1,1,1,664,0
106,YES,,,4,29,29,1,MEASURE 66,289,6,6,1,1,1,624,0
106,NO,,,4,29,29,2,MEASURE 66,335,6,6,1,1,1,624,0
106,YES,,,4,30,30,1,MEASURE 67,346,6,6,1,1,1,671,0
106,NO,,,4,30,30,2,MEASURE 67,325,6,6,1,1,1,671,0
106,YES,,,4,31,31,1,MEASURE G,384,6,6,1,1,1,654,0
106,NO,,,4,31,31,2,MEASURE G,270,6,6,1,1,1,654,0
106,YES,,,4,32,32,1,MEASURE H,368,6,6,1,1,1,652,0
106,NO,,,4,32,32,2,MEASURE H,284,6,6,1,1,1,652,0
106,YES,,,4,33,33,1,MEASURE I,419,6,6,1,1,1,636,0
106,NO,,,4,33,33,2,MEASURE I,217,6,6,1,1,1,636,0
107,Election Day Turnout,,,-2,0,-100,1,Registration & Turnout,130,7,7,0,0,0,468,0
107,Vote by Mail Turnout,,,-2,0,-100,2,Registration & Turnout,250,7,7,0,0,0,468,0
107,All Mail Precincts Turnout,,,-2,0,-100,3,Registration & Turnout,0,7,7,0,0,0,468,0
107,GRN - JILL STEIN,,3,0,4,3,1,PRESIDENT AND VICE PRESIDENT,9,7,7,1,1,1,376,0
107,DEM - HILLARY CLINTON,,1,0,4,3,2,PRESIDENT AND VICE PRESIDENT,185,7,7,1,1,1,376,0
107,PF - GLORIA ESTELA LA RIVA,,5,0,4,3,3,PRESIDENT AND VICE PRESIDENT,2,7,7,1,1,1,376,0
107,REP - DONALD J. TRUMP,,2,0,4,3,4,PRESIDENT AND VICE PRESIDENT,160,7,7,1,1,1,376,0
107,LIB - GARY JOHNSON,,4,0,4,3,5,PRESIDENT AND VICE PRESIDENT,10,7,7,1,1,1,376,0
107,WRITE-IN,,,0,4,3,6,PRESIDENT AND VICE PRESIDENT,10,7,7,1,1,1,376,1
107,DEM - LORETTA L. SANCHEZ,,1,0,5,5,1,US SENATOR,95,7,7,1,1,1,290,0
107,DEM - KAMALA D. HARRIS,,1,0,5,5,2,US SENATOR,195,7,7,1,1,1,290,0
107,DEM - RITA RAMIREZ,,1,0,6,6,1,US REPRESENTATIVE 8th DISTRICT,177,7,7,1,1,1,354,0
107,REP - PAUL COOK,,2,0,6,6,2,US REPRESENTATIVE 8th DISTRICT,177,7,7,1,1,1,354,0
107,REP - DEVON MATHIS,,2,0,7,7,1,STATE ASSEMBLY 26th DISTRICT,168,7,7,1,1,1,338,0
107,DEM - RUBEN MACARENO,,1,0,7,7,2,STATE ASSEMBLY 26th DISTRICT,170,7,7,1,1,1,338,0
107,NON - HOWARD JOHN WU,,0,0,10,10,1,"BISHOP Member, City Council",120,7,7,3,1,1,729,0
107,NON - LAURA SMITH,,0,0,10,10,2,"BISHOP Member, City Council",226,7,7,3,1,1,729,0
107,NON - JIM ELLIS,,0,0,10,10,3,"BISHOP Member, City Council",176,7,7,3,1,1,729,0
107,NON - PATRICIA ''PAT'' GARDNER,,0,0,10,10,4,"BISHOP Member, City Council",203,7,7,3,1,1,729,0
107,WRITE-IN,,,0,10,10,5,"BISHOP Member, City Council",4,7,7,3,1,1,729,1
107,NON - ROBERT KIMBALL,,0,0,11,11,1,BISHOP City Treasurer,286,7,7,1,1,1,288,0
107,WRITE-IN,,,0,11,11,2,BISHOP City Treasurer,2,7,7,1,1,1,288,1
107,YES,,,4,14,14,1,MEASURE 51,189,7,7,1,1,1,347,0
107,NO,,,4,14,14,2,MEASURE 51,158,7,7,1,1,1,347,0
107,YES,,,4,15,15,1,MEASURE 52,230,7,7,1,1,1,349,0
107,NO,,,4,15,15,2,MEASURE 52,119,7,7,1,1,1,349,0
107,YES,,,4,16,16,1,MEASURE 53,166,7,7,1,1,1,341,0
107,NO,,,4,16,16,2,MEASURE 53,175,7,7,1,1,1,341,0
107,YES,,,4,17,17,1,MEASURE 54,207,7,7,1,1,1,339,0
107,NO,,,4,17,17,2,MEASURE 54,132,7,7,1,1,1,339,0
107,YES,,,4,18,18,1,MEASURE 55,228,7,7,1,1,1,353,0
107,NO,,,4,18,18,2,MEASURE 55,125,7,7,1,1,1,353,0
107,YES,,,4,19,19,1,MEASURE 56,210,7,7,1,1,1,363,0
107,NO,,,4,19,19,2,MEASURE 56,153,7,7,1,1,1,363,0
107,YES,,,4,20,20,1,MEASURE 57,245,7,7,1,1,1,354,0
107,NO,,,4,20,20,2,MEASURE 57,109,7,7,1,1,1,354,0
107,YES,,,4,21,21,1,MEASURE 58,254,7,7,1,1,1,356,0
107,NO,,,4,21,21,2,MEASURE 58,102,7,7,1,1,1,356,0
107,YES,,,4,22,22,1,MEASURE 59,190,7,7,1,1,1,340,0
107,NO,,,4,22,22,2,MEASURE 59,150,7,7,1,1,1,340,0
107,YES,,,4,23,23,1,MEASURE 60,141,7,7,1,1,1,335,0
107,NO,,,4,23,23,2,MEASURE 60,194,7,7,1,1,1,335,0
107,YES,,,4,24,24,1,MEASURE 61,144,7,7,1,1,1,344,0
107,NO,,,4,24,24,2,MEASURE 61,200,7,7,1,1,1,344,0
107,YES,,,4,25,25,1,MEASURE 62,172,7,7,1,1,1,354,0
107,NO,,,4,25,25,2,MEASURE 62,182,7,7,1,1,1,354,0
107,YES,,,4,26,26,1,MEASURE 63,182,7,7,1,1,1,357,0
107,NO,,,4,26,26,2,MEASURE 63,175,7,7,1,1,1,357,0
107,YES,,,4,27,27,1,MEASURE 64,223,7,7,1,1,1,360,0
107,NO,,,4,27,27,2,MEASURE 64,137,7,7,1,1,1,360,0
107,YES,,,4,28,28,1,MEASURE 65,155,7,7,1,1,1,350,0
107,NO,,,4,28,28,2,MEASURE 65,195,7,7,1,1,1,350,0
107,YES,,,4,29,29,1,MEASURE 66,169,7,7,1,1,1,337,0
107,NO,,,4,29,29,2,MEASURE 66,168,7,7,1,1,1,337,0
107,YES,,,4,30,30,1,MEASURE 67,190,7,7,1,1,1,352,0
107,NO,,,4,30,30,2,MEASURE 67,162,7,7,1,1,1,352,0
107,YES,,,4,31,31,1,MEASURE G,202,7,7,1,1,1,344,0
107,NO,,,4,31,31,2,MEASURE G,142,7,7,1,1,1,344,0
107,YES,,,4,32,32,1,MEASURE H,196,7,7,1,1,1,346,0
107,NO,,,4,32,32,2,MEASURE H,150,7,7,1,1,1,346,0
107,YES,,,4,33,33,1,MEASURE I,223,7,7,1,1,1,339,0
107,NO,,,4,33,33,2,MEASURE I,116,7,7,1,1,1,339,0
108,Election Day Turnout,,,-2,0,-100,1,Registration & Turnout,123,8,8,0,0,0,396,0
108,Vote by Mail Turnout,,,-2,0,-100,2,Registration & Turnout,201,8,8,0,0,0,396,0
108,All Mail Precincts Turnout,,,-2,0,-100,3,Registration & Turnout,0,8,8,0,0,0,396,0
108,GRN - JILL STEIN,,3,0,4,3,1,PRESIDENT AND VICE PRESIDENT,14,8,8,1,1,1,317,0
108,DEM - HILLARY CLINTON,,1,0,4,3,2,PRESIDENT AND VICE PRESIDENT,158,8,8,1,1,1,317,0
108,PF - GLORIA ESTELA LA RIVA,,5,0,4,3,3,PRESIDENT AND VICE PRESIDENT,2,8,8,1,1,1,317,0
108,REP - DONALD J. TRUMP,,2,0,4,3,4,PRESIDENT AND VICE PRESIDENT,121,8,8,1,1,1,317,0
108,LIB - GARY JOHNSON,,4,0,4,3,5,PRESIDENT AND VICE PRESIDENT,16,8,8,1,1,1,317,0
108,WRITE-IN,,,0,4,3,6,PRESIDENT AND VICE PRESIDENT,6,8,8,1,1,1,317,1
108,DEM - LORETTA L. SANCHEZ,,1,0,5,5,1,US SENATOR,74,8,8,1,1,1,256,0
108,DEM - KAMALA D. HARRIS,,1,0,5,5,2,US SENATOR,182,8,8,1,1,1,256,0
108,DEM - RITA RAMIREZ,,1,0,6,6,1,US REPRESENTATIVE 8th DISTRICT,155,8,8,1,1,1,301,0
108,REP - PAUL COOK,,2,0,6,6,2,US REPRESENTATIVE 8th DISTRICT,146,8,8,1,1,1,301,0
108,REP - DEVON MATHIS,,2,0,7,7,1,STATE ASSEMBLY 26th DISTRICT,133,8,8,1,1,1,289,0
108,DEM - RUBEN MACARENO,,1,0,7,7,2,STATE ASSEMBLY 26th DISTRICT,156,8,8,1,1,1,289,0
108,NON - HOWARD JOHN WU,,0,0,10,10,1,"BISHOP Member, City Council",110,8,8,3,1,1,607,0
108,NON - LAURA SMITH,,0,0,10,10,2,"BISHOP Member, City Council",172,8,8,3,1,1,607,0
108,NON - JIM ELLIS,,0,0,10,10,3,"BISHOP Member, City Council",152,8,8,3,1,1,607,0
108,NON - PATRICIA ''PAT'' GARDNER,,0,0,10,10,4,"BISHOP Member, City Council",172,8,8,3,1,1,607,0
108,WRITE-IN,,,0,10,10,5,"BISHOP Member, City Council",1,8,8,3,1,1,607,1
108,NON - ROBERT KIMBALL,,0,0,11,11,1,BISHOP City Treasurer,218,8,8,1,1,1,221,0
108,WRITE-IN,,,0,11,11,2,BISHOP City Treasurer,3,8,8,1,1,1,221,1
108,YES,,,4,14,14,1,MEASURE 51,134,8,8,1,1,1,291,0
108,NO,,,4,14,14,2,MEASURE 51,157,8,8,1,1,1,291,0
108,YES,,,4,15,15,1,MEASURE 52,191,8,8,1,1,1,294,0
108,NO,,,4,15,15,2,MEASURE 52,103,8,8,1,1,1,294,0
108,YES,,,4,16,16,1,MEASURE 53,141,8,8,1,1,1,289,0
108,NO,,,4,16,16,2,MEASURE 53,148,8,8,1,1,1,289,0
108,YES,,,4,17,17,1,MEASURE 54,177,8,8,1,1,1,290,0
108,NO,,,4,17,17,2,MEASURE 54,113,8,8,1,1,1,290,0
108,YES,,,4,18,18,1,MEASURE 55,187,8,8,1,1,1,299,0
108,NO,,,4,18,18,2,MEASURE 55,112,8,8,1,1,1,299,0
108,YES,,,4,19,19,1,MEASURE 56,180,8,8,1,1,1,310,0
108,NO,,,4,19,19,2,MEASURE 56,130,8,8,1,1,1,310,0
108,YES,,,4,20,20,1,MEASURE 57,196,8,8,1,1,1,298,0
108,NO,,,4,20,20,2,MEASURE 57,102,8,8,1,1,1,298,0
108,YES,,,4,21,21,1,MEASURE 58,214,8,8,1,1,1,295,0
108,NO,,,4,21,21,2,MEASURE 58,81,8,8,1,1,1,295,0
108,YES,,,4,22,22,1,MEASURE 59,152,8,8,1,1,1,280,0
108,NO,,,4,22,22,2,MEASURE 59,128,8,8,1,1,1,280,0
108,YES,,,4,23,23,1,MEASURE 60,117,8,8,1,1,1,286,0
108,NO,,,4,23,23,2,MEASURE 60,169,8,8,1,1,1,286,0
108,YES,,,4,24,24,1,MEASURE 61,128,8,8,1,1,1,291,0
108,NO,,,4,24,24,2,MEASURE 61,163,8,8,1,1,1,291,0
108,YES,,,4,25,25,1,MEASURE 62,141,8,8,1,1,1,297,0
108,NO,,,4,25,25,2,MEASURE 62,156,8,8,1,1,1,297,0
108,YES,,,4,26,26,1,MEASURE 63,151,8,8,1,1,1,306,0
108,NO,,,4,26,26,2,MEASURE 63,155,8,8,1,1,1,306,0
108,YES,,,4,27,27,1,MEASURE 64,195,8,8,1,1,1,315,0
108,NO,,,4,27,27,2,MEASURE 64,120,8,8,1,1,1,315,0
108,YES,,,4,28,28,1,MEASURE 65,124,8,8,1,1,1,298,0
108,NO,,,4,28,28,2,MEASURE 65,174,8,8,1,1,1,298,0
108,YES,,,4,29,29,1,MEASURE 66,127,8,8,1,1,1,276,0
108,NO,,,4,29,29,2,MEASURE 66,149,8,8,1,1,1,276,0
108,YES,,,4,30,30,1,MEASURE 67,157,8,8,1,1,1,309,0
108,NO,,,4,30,30,2,MEASURE 67,152,8,8,1,1,1,309,0
108,YES,,,4,31,31,1,MEASURE G,184,8,8,1,1,1,296,0
108,NO,,,4,31,31,2,MEASURE G,112,8,8,1,1,1,296,0
108,YES,,,4,32,32,1,MEASURE H,175,8,8,1,1,1,295,0
108,NO,,,4,32,32,2,MEASURE H,120,8,8,1,1,1,295,0
108,YES,,,4,33,33,1,MEASURE I,182,8,8,1,1,1,290,0
108,NO,,,4,33,33,2,MEASURE I,108,8,8,1,1,1,290,0
109,Election Day Turnout,,,-2,0,-100,1,Registration & Turnout,242,9,9,0,0,0,901,0
109,Vote by Mail Turnout,,,-2,0,-100,2,Registration & Turnout,539,9,9,0,0,0,901,0
109,All Mail Precincts Turnout,,,-2,0,-100,3,Registration & Turnout,0,9,9,0,0,0,901,0
109,GRN - JILL STEIN,,3,0,4,3,1,PRESIDENT AND VICE PRESIDENT,14,9,9,1,1,1,766,0
109,DEM - HILLARY CLINTON,,1,0,4,3,2,PRESIDENT AND VICE PRESIDENT,278,9,9,1,1,1,766,0
109,PF - GLORIA ESTELA LA RIVA,,5,0,4,3,3,PRESIDENT AND VICE PRESIDENT,1,9,9,1,1,1,766,0
109,REP - DONALD J. TRUMP,,2,0,4,3,4,PRESIDENT AND VICE PRESIDENT,415,9,9,1,1,1,766,0
109,LIB - GARY JOHNSON,,4,0,4,3,5,PRESIDENT AND VICE PRESIDENT,39,9,9,1,1,1,766,0
109,WRITE-IN,,,0,4,3,6,PRESIDENT AND VICE PRESIDENT,19,9,9,1,1,1,766,1
109,DEM - LORETTA L. SANCHEZ,,1,0,5,5,1,US SENATOR,203,9,9,1,1,1,556,0
109,DEM - KAMALA D. HARRIS,,1,0,5,5,2,US SENATOR,353,9,9,1,1,1,556,0
109,DEM - RITA RAMIREZ,,1,0,6,6,1,US REPRESENTATIVE 8th DISTRICT,252,9,9,1,1,1,749,0
109,REP - PAUL COOK,,2,0,6,6,2,US REPRESENTATIVE 8th DISTRICT,497,9,9,1,1,1,749,0
109,REP - DEVON MATHIS,,2,0,7,7,1,STATE ASSEMBLY 26th DISTRICT,481,9,9,1,1,1,720,0
109,DEM - RUBEN MACARENO,,1,0,7,7,2,STATE ASSEMBLY 26th DISTRICT,239,9,9,1,1,1,720,0
109,NON - JOHN A. UNGERSMA,,0,0,12,12,1,NORTHERN INYO HEALTHCARE Director-Zone 1,446,9,9,1,1,1,662,0
109,NON - RICHARD DOW MATTINGLY,,0,0,12,12,2,NORTHERN INYO HEALTHCARE Director-Zone 1,208,9,9,1,1,1,662,0
109,WRITE-IN,,,0,12,12,3,NORTHERN INYO HEALTHCARE Director-Zone 1,8,9,9,1,1,1,662,1
109,YES,,,4,14,14,1,MEASURE 51,254,9,9,1,1,1,736,0
109,NO,,,4,14,14,2,MEASURE 51,482,9,9,1,1,1,736,0
109,YES,,,4,15,15,1,MEASURE 52,399,9,9,1,1,1,720,0
109,NO,,,4,15,15,2,MEASURE 52,321,9,9,1,1,1,720,0
109,YES,,,4,16,16,1,MEASURE 53,351,9,9,1,1,1,717,0
109,NO,,,4,16,16,2,MEASURE 53,366,9,9,1,1,1,717,0
109,YES,,,4,17,17,1,MEASURE 54,449,9,9,1,1,1,730,0
109,NO,,,4,17,17,2,MEASURE 54,281,9,9,1,1,1,730,0
109,YES,,,4,18,18,1,MEASURE 55,370,9,9,1,1,1,739,0
109,NO,,,4,18,18,2,MEASURE 55,369,9,9,1,1,1,739,0
109,YES,,,4,19,19,1,MEASURE 56,388,9,9,1,1,1,756,0
109,NO,,,4,19,19,2,MEASURE 56,368,9,9,1,1,1,756,0
109,YES,,,4,20,20,1,MEASURE 57,371,9,9,1,1,1,740,0
109,NO,,,4,20,20,2,MEASURE 57,369,9,9,1,1,1,740,0
109,YES,,,4,21,21,1,MEASURE 58,478,9,9,1,1,1,740,0
109,NO,,,4,21,21,2,MEASURE 58,262,9,9,1,1,1,740,0
109,YES,,,4,22,22,1,MEASURE 59,362,9,9,1,1,1,709,0
109,NO,,,4,22,22,2,MEASURE 59,347,9,9,1,1,1,709,0
109,YES,,,4,23,23,1,MEASURE 60,239,9,9,1,1,1,705,0
109,NO,,,4,23,23,2,MEASURE 60,466,9,9,1,1,1,705,0
109,YES,,,4,24,24,1,MEASURE 61,269,9,9,1,1,1,723,0
109,NO,,,4,24,24,2,MEASURE 61,454,9,9,1,1,1,723,0
109,YES,,,4,25,25,1,MEASURE 62,270,9,9,1,1,1,739,0
109,NO,,,4,25,25,2,MEASURE 62,469,9,9,1,1,1,739,0
109,YES,,,4,26,26,1,MEASURE 63,269,9,9,1,1,1,747,0
109,NO,,,4,26,26,2,MEASURE 63,478,9,9,1,1,1,747,0
109,YES,,,4,27,27,1,MEASURE 64,395,9,9,1,1,1,760,0
109,NO,,,4,27,27,2,MEASURE 64,365,9,9,1,1,1,760,0
109,YES,,,4,28,28,1,MEASURE 65,258,9,9,1,1,1,736,0
109,NO,,,4,28,28,2,MEASURE 65,478,9,9,1,1,1,736,0
109,YES,,,4,29,29,1,MEASURE 66,331,9,9,1,1,1,702,0
109,NO,,,4,29,29,2,MEASURE 66,371,9,9,1,1,1,702,0
109,YES,,,4,30,30,1,MEASURE 67,326,9,9,1,1,1,742,0
109,NO,,,4,30,30,2,MEASURE 67,416,9,9,1,1,1,742,0
109,YES,,,4,31,31,1,MEASURE G,380,9,9,1,1,1,739,0
109,NO,,,4,31,31,2,MEASURE G,359,9,9,1,1,1,739,0
109,YES,,,4,32,32,1,MEASURE H,384,9,9,1,1,1,733,0
109,NO,,,4,32,32,2,MEASURE H,349,9,9,1,1,1,733,0
109,YES,,,4,33,33,1,MEASURE I,481,9,9,1,1,1,711,0
109,NO,,,4,33,33,2,MEASURE I,230,9,9,1,1,1,711,0
110,Election Day Turnout,,,-2,0,-100,1,Registration & Turnout,227,10,10,0,0,0,948,0
110,Vote by Mail Turnout,,,-2,0,-100,2,Registration & Turnout,618,10,10,0,0,0,948,0
110,All Mail Precincts Turnout,,,-2,0,-100,3,Registration & Turnout,0,10,10,0,0,0,948,0
110,GRN - JILL STEIN,,3,0,4,3,1,PRESIDENT AND VICE PRESIDENT,12,10,10,1,1,1,831,0
110,DEM - HILLARY CLINTON,,1,0,4,3,2,PRESIDENT AND VICE PRESIDENT,229,10,10,1,1,1,831,0
110,PF - GLORIA ESTELA LA RIVA,,5,0,4,3,3,PRESIDENT AND VICE PRESIDENT,2,10,10,1,1,1,831,0
110,REP - DONALD J. TRUMP,,2,0,4,3,4,PRESIDENT AND VICE PRESIDENT,539,10,10,1,1,1,831,0
110,LIB - GARY JOHNSON,,4,0,4,3,5,PRESIDENT AND VICE PRESIDENT,38,10,10,1,1,1,831,0
110,WRITE-IN,,,0,4,3,6,PRESIDENT AND VICE PRESIDENT,11,10,10,1,1,1,831,1
110,DEM - LORETTA L. SANCHEZ,,1,0,5,5,1,US SENATOR,180,10,10,1,1,1,569,0
110,DEM - KAMALA D. HARRIS,,1,0,5,5,2,US SENATOR,389,10,10,1,1,1,569,0
110,DEM - RITA RAMIREZ,,1,0,6,6,1,US REPRESENTATIVE 8th DISTRICT,216,10,10,1,1,1,815,0
110,REP - PAUL COOK,,2,0,6,6,2,US REPRESENTATIVE 8th DISTRICT,599,10,10,1,1,1,815,0
110,REP - DEVON MATHIS,,2,0,7,7,1,STATE ASSEMBLY 26th DISTRICT,576,10,10,1,1,1,786,0
110,DEM - RUBEN MACARENO,,1,0,7,7,2,STATE ASSEMBLY 26th DISTRICT,210,10,10,1,1,1,786,0
110,YES,,,4,14,14,1,MEASURE 51,269,10,10,1,1,1,801,0
110,NO,,,4,14,14,2,MEASURE 51,532,10,10,1,1,1,801,0
110,YES,,,4,15,15,1,MEASURE 52,412,10,10,1,1,1,802,0
110,NO,,,4,15,15,2,MEASURE 52,390,10,10,1,1,1,802,0
110,YES,,,4,16,16,1,MEASURE 53,399,10,10,1,1,1,784,0
110,NO,,,4,16,16,2,MEASURE 53,385,10,10,1,1,1,784,0
110,YES,,,4,17,17,1,MEASURE 54,460,10,10,1,1,1,782,0
110,NO,,,4,17,17,2,MEASURE 54,322,10,10,1,1,1,782,0
110,YES,,,4,18,18,1,MEASURE 55,339,10,10,1,1,1,799,0
110,NO,,,4,18,18,2,MEASURE 55,460,10,10,1,1,1,799,0
110,YES,,,4,19,19,1,MEASURE 56,423,10,10,1,1,1,828,0
110,NO,,,4,19,19,2,MEASURE 56,405,10,10,1,1,1,828,0
110,YES,,,4,20,20,1,MEASURE 57,373,10,10,1,1,1,807,0
110,NO,,,4,20,20,2,MEASURE 57,434,10,10,1,1,1,807,0
110,YES,,,4,21,21,1,MEASURE 58,463,10,10,1,1,1,819,0
110,NO,,,4,21,21,2,MEASURE 58,356,10,10,1,1,1,819,0
110,YES,,,4,22,22,1,MEASURE 59,307,10,10,1,1,1,753,0
110,NO,,,4,22,22,2,MEASURE 59,446,10,10,1,1,1,753,0
110,YES,,,4,23,23,1,MEASURE 60,257,10,10,1,1,1,764,0
110,NO,,,4,23,23,2,MEASURE 60,507,10,10,1,1,1,764,0
110,YES,,,4,24,24,1,MEASURE 61,253,10,10,1,1,1,791,0
110,NO,,,4,24,24,2,MEASURE 61,538,10,10,1,1,1,791,0
110,YES,,,4,25,25,1,MEASURE 62,239,10,10,1,1,1,810,0
110,NO,,,4,25,25,2,MEASURE 62,571,10,10,1,1,1,810,0
110,YES,,,4,26,26,1,MEASURE 63,249,10,10,1,1,1,815,0
110,NO,,,4,26,26,2,MEASURE 63,566,10,10,1,1,1,815,0
110,YES,,,4,27,27,1,MEASURE 64,326,10,10,1,1,1,830,0
110,NO,,,4,27,27,2,MEASURE 64,504,10,10,1,1,1,830,0
110,YES,,,4,28,28,1,MEASURE 65,267,10,10,1,1,1,806,0
110,NO,,,4,28,28,2,MEASURE 65,539,10,10,1,1,1,806,0
110,YES,,,4,29,29,1,MEASURE 66,381,10,10,1,1,1,757,0
110,NO,,,4,29,29,2,MEASURE 66,376,10,10,1,1,1,757,0
110,YES,,,4,30,30,1,MEASURE 67,334,10,10,1,1,1,812,0
110,NO,,,4,30,30,2,MEASURE 67,478,10,10,1,1,1,812,0
110,YES,,,4,31,31,1,MEASURE G,337,10,10,1,1,1,800,0
110,NO,,,4,31,31,2,MEASURE G,463,10,10,1,1,1,800,0
110,YES,,,4,32,32,1,MEASURE H,333,10,10,1,1,1,799,0
110,NO,,,4,32,32,2,MEASURE H,466,10,10,1,1,1,799,0
110,YES,,,4,33,33,1,MEASURE I,520,10,10,1,1,1,781,0
110,NO,,,4,33,33,2,MEASURE I,261,10,10,1,1,1,781,0
111,Election Day Turnout,,,-2,0,-100,1,Registration & Turnout,183,11,11,0,0,0,488,0
111,Vote by Mail Turnout,,,-2,0,-100,2,Registration & Turnout,109,11,11,0,0,0,488,0
111,All Mail Precincts Turnout,,,-2,0,-100,3,Registration & Turnout,0,11,11,0,0,0,488,0
111,GRN - JILL STEIN,,3,0,4,3,1,PRESIDENT AND VICE PRESIDENT,22,11,11,1,1,1,284,0
111,DEM - HILLARY CLINTON,,1,0,4,3,2,PRESIDENT AND VICE PRESIDENT,161,11,11,1,1,1,284,0
111,PF - GLORIA ESTELA LA RIVA,,5,0,4,3,3,PRESIDENT AND VICE PRESIDENT,10,11,11,1,1,1,284,0
111,REP - DONALD J. TRUMP,,2,0,4,3,4,PRESIDENT AND VICE PRESIDENT,76,11,11,1,1,1,284,0
111,LIB - GARY JOHNSON,,4,0,4,3,5,PRESIDENT AND VICE PRESIDENT,10,11,11,1,1,1,284,0
111,WRITE-IN,,,0,4,3,6,PRESIDENT AND VICE PRESIDENT,5,11,11,1,1,1,284,1
111,DEM - LORETTA L. SANCHEZ,,1,0,5,5,1,US SENATOR,116,11,11,1,1,1,248,0
111,DEM - KAMALA D. HARRIS,,1,0,5,5,2,US SENATOR,132,11,11,1,1,1,248,0
111,DEM - RITA RAMIREZ,,1,0,6,6,1,US REPRESENTATIVE 8th DISTRICT,144,11,11,1,1,1,263,0
111,REP - PAUL COOK,,2,0,6,6,2,US REPRESENTATIVE 8th DISTRICT,119,11,11,1,1,1,263,0
111,REP - DEVON MATHIS,,2,0,7,7,1,STATE ASSEMBLY 26th DISTRICT,105,11,11,1,1,1,247,0
111,DEM - RUBEN MACARENO,,1,0,7,7,2,STATE ASSEMBLY 26th DISTRICT,142,11,11,1,1,1,247,0
111,YES,,,4,14,14,1,MEASURE 51,185,11,11,1,1,1,266,0
111,NO,,,4,14,14,2,MEASURE 51,81,11,11,1,1,1,266,0
111,YES,,,4,15,15,1,MEASURE 52,190,11,11,1,1,1,259,0
111,NO,,,4,15,15,2,MEASURE 52,69,11,11,1,1,1,259,0
111,YES,,,4,16,16,1,MEASURE 53,117,11,11,1,1,1,256,0
111,NO,,,4,16,16,2,MEASURE 53,139,11,11,1,1,1,256,0
111,YES,,,4,17,17,1,MEASURE 54,153,11,11,1,1,1,253,0
111,NO,,,4,17,17,2,MEASURE 54,100,11,11,1,1,1,253,0
111,YES,,,4,18,18,1,MEASURE 55,191,11,11,1,1,1,260,0
111,NO,,,4,18,18,2,MEASURE 55,69,11,11,1,1,1,260,0
111,YES,,,4,19,19,1,MEASURE 56,166,11,11,1,1,1,276,0
111,NO,,,4,19,19,2,MEASURE 56,110,11,11,1,1,1,276,0
111,YES,,,4,20,20,1,MEASURE 57,178,11,11,1,1,1,269,0
111,NO,,,4,20,20,2,MEASURE 57,91,11,11,1,1,1,269,0
111,YES,,,4,21,21,1,MEASURE 58,204,11,11,1,1,1,262,0
111,NO,,,4,21,21,2,MEASURE 58,58,11,11,1,1,1,262,0
111,YES,,,4,22,22,1,MEASURE 59,107,11,11,1,1,1,240,0
111,NO,,,4,22,22,2,MEASURE 59,133,11,11,1,1,1,240,0
111,YES,,,4,23,23,1,MEASURE 60,175,11,11,1,1,1,260,0
111,NO,,,4,23,23,2,MEASURE 60,85,11,11,1,1,1,260,0
111,YES,,,4,24,24,1,MEASURE 61,109,11,11,1,1,1,266,0
111,NO,,,4,24,24,2,MEASURE 61,157,11,11,1,1,1,266,0
111,YES,,,4,25,25,1,MEASURE 62,88,11,11,1,1,1,262,0
111,NO,,,4,25,25,2,MEASURE 62,174,11,11,1,1,1,262,0
111,YES,,,4,26,26,1,MEASURE 63,129,11,11,1,1,1,269,0
111,NO,,,4,26,26,2,MEASURE 63,140,11,11,1,1,1,269,0
111,YES,,,4,27,27,1,MEASURE 64,163,11,11,1,1,1,287,0
111,NO,,,4,27,27,2,MEASURE 64,124,11,11,1,1,1,287,0
111,YES,,,4,28,28,1,MEASURE 65,138,11,11,1,1,1,265,0
111,NO,,,4,28,28,2,MEASURE 65,127,11,11,1,1,1,265,0
111,YES,,,4,29,29,1,MEASURE 66,144,11,11,1,1,1,252,0
111,NO,,,4,29,29,2,MEASURE 66,108,11,11,1,1,1,252,0
111,YES,,,4,30,30,1,MEASURE 67,135,11,11,1,1,1,264,0
111,NO,,,4,30,30,2,MEASURE 67,129,11,11,1,1,1,264,0
111,YES,,,4,31,31,1,MEASURE G,153,11,11,1,1,1,266,0
111,NO,,,4,31,31,2,MEASURE G,113,11,11,1,1,1,266,0
111,YES,,,4,32,32,1,MEASURE H,155,11,11,1,1,1,265,0
111,NO,,,4,32,32,2,MEASURE H,110,11,11,1,1,1,265,0
111,YES,,,4,33,33,1,MEASURE I,150,11,11,1,1,1,259,0
111,NO,,,4,33,33,2,MEASURE I,109,11,11,1,1,1,259,0
112,Election Day Turnout,,,-2,0,-100,1,Registration & Turnout,75,12,12,0,0,0,163,0
112,Vote by Mail Turnout,,,-2,0,-100,2,Registration & Turnout,44,12,12,0,0,0,163,0
112,All Mail Precincts Turnout,,,-2,0,-100,3,Registration & Turnout,0,12,12,0,0,0,163,0
112,GRN - JILL STEIN,,3,0,4,3,1,PRESIDENT AND VICE PRESIDENT,4,12,12,1,1,1,117,0
112,DEM - HILLARY CLINTON,,1,0,4,3,2,PRESIDENT AND VICE PRESIDENT,67,12,12,1,1,1,117,0
112,PF - GLORIA ESTELA LA RIVA,,5,0,4,3,3,PRESIDENT AND VICE PRESIDENT,2,12,12,1,1,1,117,0
112,REP - DONALD J. TRUMP,,2,0,4,3,4,PRESIDENT AND VICE PRESIDENT,37,12,12,1,1,1,117,0
112,LIB - GARY JOHNSON,,4,0,4,3,5,PRESIDENT AND VICE PRESIDENT,3,12,12,1,1,1,117,0
112,WRITE-IN,,,0,4,3,6,PRESIDENT AND VICE PRESIDENT,4,12,12,1,1,1,117,1
112,DEM - LORETTA L. SANCHEZ,,1,0,5,5,1,US SENATOR,37,12,12,1,1,1,104,0
112,DEM - KAMALA D. HARRIS,,1,0,5,5,2,US SENATOR,67,12,12,1,1,1,104,0
112,DEM - RITA RAMIREZ,,1,0,6,6,1,US REPRESENTATIVE 8th DISTRICT,63,12,12,1,1,1,115,0
112,REP - PAUL COOK,,2,0,6,6,2,US REPRESENTATIVE 8th DISTRICT,52,12,12,1,1,1,115,0
112,REP - DEVON MATHIS,,2,0,7,7,1,STATE ASSEMBLY 26th DISTRICT,45,12,12,1,1,1,111,0
112,DEM - RUBEN MACARENO,,1,0,7,7,2,STATE ASSEMBLY 26th DISTRICT,66,12,12,1,1,1,111,0
112,NON - JOHN A. UNGERSMA,,0,0,12,12,1,NORTHERN INYO HEALTHCARE Director-Zone 1,66,12,12,1,1,1,106,0
112,NON - RICHARD DOW MATTINGLY,,0,0,12,12,2,NORTHERN INYO HEALTHCARE Director-Zone 1,37,12,12,1,1,1,106,0
112,WRITE-IN,,,0,12,12,3,NORTHERN INYO HEALTHCARE Director-Zone 1,3,12,12,1,1,1,106,1
112,YES,,,4,14,14,1,MEASURE 51,77,12,12,1,1,1,110,0
112,NO,,,4,14,14,2,MEASURE 51,33,12,12,1,1,1,110,0
112,YES,,,4,15,15,1,MEASURE 52,78,12,12,1,1,1,105,0
112,NO,,,4,15,15,2,MEASURE 52,27,12,12,1,1,1,105,0
112,YES,,,4,16,16,1,MEASURE 53,56,12,12,1,1,1,106,0
112,NO,,,4,16,16,2,MEASURE 53,50,12,12,1,1,1,106,0
112,YES,,,4,17,17,1,MEASURE 54,73,12,12,1,1,1,108,0
112,NO,,,4,17,17,2,MEASURE 54,35,12,12,1,1,1,108,0
112,YES,,,4,18,18,1,MEASURE 55,78,12,12,1,1,1,109,0
112,NO,,,4,18,18,2,MEASURE 55,31,12,12,1,1,1,109,0
112,YES,,,4,19,19,1,MEASURE 56,68,12,12,1,1,1,114,0
112,NO,,,4,19,19,2,MEASURE 56,46,12,12,1,1,1,114,0
112,YES,,,4,20,20,1,MEASURE 57,73,12,12,1,1,1,110,0
112,NO,,,4,20,20,2,MEASURE 57,37,12,12,1,1,1,110,0
112,YES,,,4,21,21,1,MEASURE 58,84,12,12,1,1,1,109,0
112,NO,,,4,21,21,2,MEASURE 58,25,12,12,1,1,1,109,0
112,YES,,,4,22,22,1,MEASURE 59,50,12,12,1,1,1,101,0
112,NO,,,4,22,22,2,MEASURE 59,51,12,12,1,1,1,101,0
112,YES,,,4,23,23,1,MEASURE 60,61,12,12,1,1,1,108,0
112,NO,,,4,23,23,2,MEASURE 60,47,12,12,1,1,1,108,0
112,YES,,,4,24,24,1,MEASURE 61,52,12,12,1,1,1,111,0
112,NO,,,4,24,24,2,MEASURE 61,59,12,12,1,1,1,111,0
112,YES,,,4,25,25,1,MEASURE 62,38,12,12,1,1,1,113,0
112,NO,,,4,25,25,2,MEASURE 62,75,12,12,1,1,1,113,0
112,YES,,,4,26,26,1,MEASURE 63,61,12,12,1,1,1,111,0
112,NO,,,4,26,26,2,MEASURE 63,50,12,12,1,1,1,111,0
112,YES,,,4,27,27,1,MEASURE 64,66,12,12,1,1,1,114,0
112,NO,,,4,27,27,2,MEASURE 64,48,12,12,1,1,1,114,0
112,YES,,,4,28,28,1,MEASURE 65,63,12,12,1,1,1,111,0
112,NO,,,4,28,28,2,MEASURE 65,48,12,12,1,1,1,111,0
112,YES,,,4,29,29,1,MEASURE 66,52,12,12,1,1,1,103,0
112,NO,,,4,29,29,2,MEASURE 66,51,12,12,1,1,1,103,0
112,YES,,,4,30,30,1,MEASURE 67,66,12,12,1,1,1,111,0
112,NO,,,4,30,30,2,MEASURE 67,45,12,12,1,1,1,111,0
112,YES,,,4,31,31,1,MEASURE G,66,12,12,1,1,1,109,0
112,NO,,,4,31,31,2,MEASURE G,43,12,12,1,1,1,109,0
112,YES,,,4,32,32,1,MEASURE H,63,12,12,1,1,1,109,0
112,NO,,,4,32,32,2,MEASURE H,46,12,12,1,1,1,109,0
112,YES,,,4,33,33,1,MEASURE I,58,12,12,1,1,1,102,0
112,NO,,,4,33,33,2,MEASURE I,44,12,12,1,1,1,102,0
113,Election Day Turnout,,,-2,0,-100,1,Registration & Turnout,85,13,13,0,0,0,395,0
113,Vote by Mail Turnout,,,-2,0,-100,2,Registration & Turnout,255,13,13,0,0,0,395,0
113,All Mail Precincts Turnout,,,-2,0,-100,3,Registration & Turnout,0,13,13,0,0,0,395,0
113,GRN - JILL STEIN,,3,0,4,3,1,PRESIDENT AND VICE PRESIDENT,6,13,13,1,1,1,337,0
113,DEM - HILLARY CLINTON,,1,0,4,3,2,PRESIDENT AND VICE PRESIDENT,85,13,13,1,1,1,337,0
113,PF - GLORIA ESTELA LA RIVA,,5,0,4,3,3,PRESIDENT AND VICE PRESIDENT,1,13,13,1,1,1,337,0
113,REP - DONALD J. TRUMP,,2,0,4,3,4,PRESIDENT AND VICE PRESIDENT,220,13,13,1,1,1,337,0
113,LIB - GARY JOHNSON,,4,0,4,3,5,PRESIDENT AND VICE PRESIDENT,17,13,13,1,1,1,337,0
113,WRITE-IN,,,0,4,3,6,PRESIDENT AND VICE PRESIDENT,8,13,13,1,1,1,337,1
113,DEM - LORETTA L. SANCHEZ,,1,0,5,5,1,US SENATOR,95,13,13,1,1,1,232,0
113,DEM - KAMALA D. HARRIS,,1,0,5,5,2,US SENATOR,137,13,13,1,1,1,232,0
113,DEM - RITA RAMIREZ,,1,0,6,6,1,US REPRESENTATIVE 8th DISTRICT,87,13,13,1,1,1,327,0
113,REP - PAUL COOK,,2,0,6,6,2,US REPRESENTATIVE 8th DISTRICT,240,13,13,1,1,1,327,0
113,REP - DEVON MATHIS,,2,0,7,7,1,STATE ASSEMBLY 26th DISTRICT,235,13,13,1,1,1,317,0
113,DEM - RUBEN MACARENO,,1,0,7,7,2,STATE ASSEMBLY 26th DISTRICT,82,13,13,1,1,1,317,0
113,YES,,,4,14,14,1,MEASURE 51,114,13,13,1,1,1,329,0
113,NO,,,4,14,14,2,MEASURE 51,215,13,13,1,1,1,329,0
113,YES,,,4,15,15,1,MEASURE 52,159,13,13,1,1,1,323,0
113,NO,,,4,15,15,2,MEASURE 52,164,13,13,1,1,1,323,0
113,YES,,,4,16,16,1,MEASURE 53,186,13,13,1,1,1,315,0
113,NO,,,4,16,16,2,MEASURE 53,129,13,13,1,1,1,315,0
113,YES,,,4,17,17,1,MEASURE 54,194,13,13,1,1,1,319,0
113,NO,,,4,17,17,2,MEASURE 54,125,13,13,1,1,1,319,0
113,YES,,,4,18,18,1,MEASURE 55,141,13,13,1,1,1,324,0
113,NO,,,4,18,18,2,MEASURE 55,183,13,13,1,1,1,324,0
113,YES,,,4,19,19,1,MEASURE 56,156,13,13,1,1,1,331,0
113,NO,,,4,19,19,2,MEASURE 56,175,13,13,1,1,1,331,0
113,YES,,,4,20,20,1,MEASURE 57,161,13,13,1,1,1,321,0
113,NO,,,4,20,20,2,MEASURE 57,160,13,13,1,1,1,321,0
113,YES,,,4,21,21,1,MEASURE 58,207,13,13,1,1,1,329,0
113,NO,,,4,21,21,2,MEASURE 58,122,13,13,1,1,1,329,0
113,YES,,,4,22,22,1,MEASURE 59,141,13,13,1,1,1,313,0
113,NO,,,4,22,22,2,MEASURE 59,172,13,13,1,1,1,313,0
113,YES,,,4,23,23,1,MEASURE 60,119,13,13,1,1,1,306,0
113,NO,,,4,23,23,2,MEASURE 60,187,13,13,1,1,1,306,0
113,YES,,,4,24,24,1,MEASURE 61,112,13,13,1,1,1,321,0
113,NO,,,4,24,24,2,MEASURE 61,209,13,13,1,1,1,321,0
113,YES,,,4,25,25,1,MEASURE 62,82,13,13,1,1,1,330,0
113,NO,,,4,25,25,2,MEASURE 62,248,13,13,1,1,1,330,0
113,YES,,,4,26,26,1,MEASURE 63,101,13,13,1,1,1,329,0
113,NO,,,4,26,26,2,MEASURE 63,228,13,13,1,1,1,329,0
113,YES,,,4,27,27,1,MEASURE 64,148,13,13,1,1,1,329,0
113,NO,,,4,27,27,2,MEASURE 64,181,13,13,1,1,1,329,0
113,YES,,,4,28,28,1,MEASURE 65,110,13,13,1,1,1,323,0
113,NO,,,4,28,28,2,MEASURE 65,213,13,13,1,1,1,323,0
113,YES,,,4,29,29,1,MEASURE 66,158,13,13,1,1,1,311,0
113,NO,,,4,29,29,2,MEASURE 66,153,13,13,1,1,1,311,0
113,YES,,,4,30,30,1,MEASURE 67,114,13,13,1,1,1,328,0
113,NO,,,4,30,30,2,MEASURE 67,214,13,13,1,1,1,328,0
113,YES,,,4,31,31,1,MEASURE G,163,13,13,1,1,1,324,0
113,NO,,,4,31,31,2,MEASURE G,161,13,13,1,1,1,324,0
113,YES,,,4,32,32,1,MEASURE H,152,13,13,1,1,1,326,0
113,NO,,,4,32,32,2,MEASURE H,174,13,13,1,1,1,326,0
113,YES,,,4,33,33,1,MEASURE I,198,13,13,1,1,1,316,0
113,NO,,,4,33,33,2,MEASURE I,118,13,13,1,1,1,316,0
114,Election Day Turnout,,,-2,0,-100,1,Registration & Turnout,241,14,14,0,0,0,648,0
114,Vote by Mail Turnout,,,-2,0,-100,2,Registration & Turnout,292,14,14,0,0,0,648,0
114,All Mail Precincts Turnout,,,-2,0,-100,3,Registration & Turnout,0,14,14,0,0,0,648,0
114,GRN - JILL STEIN,,3,0,4,3,1,PRESIDENT AND VICE PRESIDENT,27,14,14,1,1,1,523,0
114,DEM - HILLARY CLINTON,,1,0,4,3,2,PRESIDENT AND VICE PRESIDENT,182,14,14,1,1,1,523,0
114,PF - GLORIA ESTELA LA RIVA,,5,0,4,3,3,PRESIDENT AND VICE PRESIDENT,6,14,14,1,1,1,523,0
114,REP - DONALD J. TRUMP,,2,0,4,3,4,PRESIDENT AND VICE PRESIDENT,262,14,14,1,1,1,523,0
114,LIB - GARY JOHNSON,,4,0,4,3,5,PRESIDENT AND VICE PRESIDENT,24,14,14,1,1,1,523,0
114,WRITE-IN,,,0,4,3,6,PRESIDENT AND VICE PRESIDENT,22,14,14,1,1,1,523,1
114,DEM - LORETTA L. SANCHEZ,,1,0,5,5,1,US SENATOR,184,14,14,1,1,1,404,0
114,DEM - KAMALA D. HARRIS,,1,0,5,5,2,US SENATOR,220,14,14,1,1,1,404,0
114,DEM - RITA RAMIREZ,,1,0,6,6,1,US REPRESENTATIVE 8th DISTRICT,192,14,14,1,1,1,503,0
114,REP - PAUL COOK,,2,0,6,6,2,US REPRESENTATIVE 8th DISTRICT,311,14,14,1,1,1,503,0
114,REP - DEVON MATHIS,,2,0,7,7,1,STATE ASSEMBLY 26th DISTRICT,306,14,14,1,1,1,481,0
114,DEM - RUBEN MACARENO,,1,0,7,7,2,STATE ASSEMBLY 26th DISTRICT,175,14,14,1,1,1,481,0
114,YES,,,4,14,14,1,MEASURE 51,230,14,14,1,1,1,495,0
114,NO,,,4,14,14,2,MEASURE 51,265,14,14,1,1,1,495,0
114,YES,,,4,15,15,1,MEASURE 52,299,14,14,1,1,1,498,0
114,NO,,,4,15,15,2,MEASURE 52,199,14,14,1,1,1,498,0
114,YES,,,4,16,16,1,MEASURE 53,254,14,14,1,1,1,495,0
114,NO,,,4,16,16,2,MEASURE 53,241,14,14,1,1,1,495,0
114,YES,,,4,17,17,1,MEASURE 54,269,14,14,1,1,1,487,0
114,NO,,,4,17,17,2,MEASURE 54,218,14,14,1,1,1,487,0
114,YES,,,4,18,18,1,MEASURE 55,275,14,14,1,1,1,489,0
114,NO,,,4,18,18,2,MEASURE 55,214,14,14,1,1,1,489,0
114,YES,,,4,19,19,1,MEASURE 56,247,14,14,1,1,1,512,0
114,NO,,,4,19,19,2,MEASURE 56,265,14,14,1,1,1,512,0
114,YES,,,4,20,20,1,MEASURE 57,241,14,14,1,1,1,498,0
114,NO,,,4,20,20,2,MEASURE 57,257,14,14,1,1,1,498,0
114,YES,,,4,21,21,1,MEASURE 58,327,14,14,1,1,1,495,0
114,NO,,,4,21,21,2,MEASURE 58,168,14,14,1,1,1,495,0
114,YES,,,4,22,22,1,MEASURE 59,195,14,14,1,1,1,466,0
114,NO,,,4,22,22,2,MEASURE 59,271,14,14,1,1,1,466,0
114,YES,,,4,23,23,1,MEASURE 60,246,14,14,1,1,1,484,0
114,NO,,,4,23,23,2,MEASURE 60,238,14,14,1,1,1,484,0
114,YES,,,4,24,24,1,MEASURE 61,177,14,14,1,1,1,490,0
114,NO,,,4,24,24,2,MEASURE 61,313,14,14,1,1,1,490,0
114,YES,,,4,25,25,1,MEASURE 62,144,14,14,1,1,1,500,0
114,NO,,,4,25,25,2,MEASURE 62,356,14,14,1,1,1,500,0
114,YES,,,4,26,26,1,MEASURE 63,183,14,14,1,1,1,505,0
114,NO,,,4,26,26,2,MEASURE 63,322,14,14,1,1,1,505,0
114,YES,,,4,27,27,1,MEASURE 64,285,14,14,1,1,1,513,0
114,NO,,,4,27,27,2,MEASURE 64,228,14,14,1,1,1,513,0
114,YES,,,4,28,28,1,MEASURE 65,183,14,14,1,1,1,492,0
114,NO,,,4,28,28,2,MEASURE 65,309,14,14,1,1,1,492,0
114,YES,,,4,29,29,1,MEASURE 66,253,14,14,1,1,1,483,0
114,NO,,,4,29,29,2,MEASURE 66,230,14,14,1,1,1,483,0
114,YES,,,4,30,30,1,MEASURE 67,216,14,14,1,1,1,505,0
114,NO,,,4,30,30,2,MEASURE 67,289,14,14,1,1,1,505,0
114,YES,,,4,31,31,1,MEASURE G,259,14,14,1,1,1,502,0
114,NO,,,4,31,31,2,MEASURE G,243,14,14,1,1,1,502,0
114,YES,,,4,32,32,1,MEASURE H,256,14,14,1,1,1,498,0
114,NO,,,4,32,32,2,MEASURE H,242,14,14,1,1,1,498,0
114,YES,,,4,33,33,1,MEASURE I,285,14,14,1,1,1,494,0
114,NO,,,4,33,33,2,MEASURE I,209,14,14,1,1,1,494,0
115,Election Day Turnout,,,-2,0,-100,1,Registration & Turnout,129,15,15,0,0,0,387,0
115,Vote by Mail Turnout,,,-2,0,-100,2,Registration & Turnout,193,15,15,0,0,0,387,0
115,All Mail Precincts Turnout,,,-2,0,-100,3,Registration & Turnout,0,15,15,0,0,0,387,0
115,GRN - JILL STEIN,,3,0,4,3,1,PRESIDENT AND VICE PRESIDENT,6,15,15,1,1,1,314,0
115,DEM - HILLARY CLINTON,,1,0,4,3,2,PRESIDENT AND VICE PRESIDENT,114,15,15,1,1,1,314,0
115,PF - GLORIA ESTELA LA RIVA,,5,0,4,3,3,PRESIDENT AND VICE PRESIDENT,2,15,15,1,1,1,314,0
115,REP - DONALD J. TRUMP,,2,0,4,3,4,PRESIDENT AND VICE PRESIDENT,165,15,15,1,1,1,314,0
115,LIB - GARY JOHNSON,,4,0,4,3,5,PRESIDENT AND VICE PRESIDENT,19,15,15,1,1,1,314,0
115,WRITE-IN,,,0,4,3,6,PRESIDENT AND VICE PRESIDENT,8,15,15,1,1,1,314,1
115,DEM - LORETTA L. SANCHEZ,,1,0,5,5,1,US SENATOR,75,15,15,1,1,1,236,0
115,DEM - KAMALA D. HARRIS,,1,0,5,5,2,US SENATOR,161,15,15,1,1,1,236,0
115,DEM - RITA RAMIREZ,,1,0,6,6,1,US REPRESENTATIVE 8th DISTRICT,112,15,15,1,1,1,302,0
115,REP - PAUL COOK,,2,0,6,6,2,US REPRESENTATIVE 8th DISTRICT,190,15,15,1,1,1,302,0
115,REP - DEVON MATHIS,,2,0,7,7,1,STATE ASSEMBLY 26th DISTRICT,184,15,15,1,1,1,289,0
115,DEM - RUBEN MACARENO,,1,0,7,7,2,STATE ASSEMBLY 26th DISTRICT,105,15,15,1,1,1,289,0
115,YES,,,4,14,14,1,MEASURE 51,136,15,15,1,1,1,312,0
115,NO,,,4,14,14,2,MEASURE 51,176,15,15,1,1,1,312,0
115,YES,,,4,15,15,1,MEASURE 52,184,15,15,1,1,1,308,0
115,NO,,,4,15,15,2,MEASURE 52,124,15,15,1,1,1,308,0
115,YES,,,4,16,16,1,MEASURE 53,137,15,15,1,1,1,302,0
115,NO,,,4,16,16,2,MEASURE 53,165,15,15,1,1,1,302,0
115,YES,,,4,17,17,1,MEASURE 54,197,15,15,1,1,1,309,0
115,NO,,,4,17,17,2,MEASURE 54,112,15,15,1,1,1,309,0
115,YES,,,4,18,18,1,MEASURE 55,167,15,15,1,1,1,310,0
115,NO,,,4,18,18,2,MEASURE 55,143,15,15,1,1,1,310,0
115,YES,,,4,19,19,1,MEASURE 56,164,15,15,1,1,1,315,0
115,NO,,,4,19,19,2,MEASURE 56,151,15,15,1,1,1,315,0
115,YES,,,4,20,20,1,MEASURE 57,177,15,15,1,1,1,312,0
115,NO,,,4,20,20,2,MEASURE 57,135,15,15,1,1,1,312,0
115,YES,,,4,21,21,1,MEASURE 58,202,15,15,1,1,1,316,0
115,NO,,,4,21,21,2,MEASURE 58,114,15,15,1,1,1,316,0
115,YES,,,4,22,22,1,MEASURE 59,143,15,15,1,1,1,302,0
115,NO,,,4,22,22,2,MEASURE 59,159,15,15,1,1,1,302,0
115,YES,,,4,23,23,1,MEASURE 60,121,15,15,1,1,1,301,0
115,NO,,,4,23,23,2,MEASURE 60,180,15,15,1,1,1,301,0
115,YES,,,4,24,24,1,MEASURE 61,99,15,15,1,1,1,301,0
115,NO,,,4,24,24,2,MEASURE 61,202,15,15,1,1,1,301,0
115,YES,,,4,25,25,1,MEASURE 62,109,15,15,1,1,1,307,0
115,NO,,,4,25,25,2,MEASURE 62,198,15,15,1,1,1,307,0
115,YES,,,4,26,26,1,MEASURE 63,110,15,15,1,1,1,315,0
115,NO,,,4,26,26,2,MEASURE 63,205,15,15,1,1,1,315,0
115,YES,,,4,27,27,1,MEASURE 64,171,15,15,1,1,1,315,0
115,NO,,,4,27,27,2,MEASURE 64,144,15,15,1,1,1,315,0
115,YES,,,4,28,28,1,MEASURE 65,100,15,15,1,1,1,305,0
115,NO,,,4,28,28,2,MEASURE 65,205,15,15,1,1,1,305,0
115,YES,,,4,29,29,1,MEASURE 66,145,15,15,1,1,1,293,0
115,NO,,,4,29,29,2,MEASURE 66,148,15,15,1,1,1,293,0
115,YES,,,4,30,30,1,MEASURE 67,121,15,15,1,1,1,308,0
115,NO,,,4,30,30,2,MEASURE 67,187,15,15,1,1,1,308,0
115,YES,,,4,31,31,1,MEASURE G,159,15,15,1,1,1,306,0
115,NO,,,4,31,31,2,MEASURE G,147,15,15,1,1,1,306,0
115,YES,,,4,32,32,1,MEASURE H,151,15,15,1,1,1,303,0
115,NO,,,4,32,32,2,MEASURE H,152,15,15,1,1,1,303,0
115,YES,,,4,33,33,1,MEASURE I,208,15,15,1,1,1,303,0
115,NO,,,4,33,33,2,MEASURE I,95,15,15,1,1,1,303,0
116MB,Election Day Turnout,,,-2,0,-100,1,Registration & Turnout,1,16,16,0,0,0,78,0
116MB,Vote by Mail Turnout,,,-2,0,-100,2,Registration & Turnout,0,16,16,0,0,0,78,0
116MB,All Mail Precincts Turnout,,,-2,0,-100,3,Registration & Turnout,64,16,16,0,0,0,78,0
116MB,GRN - JILL STEIN,,3,0,4,3,1,PRESIDENT AND VICE PRESIDENT,2,16,16,1,1,1,65,0
116MB,DEM - HILLARY CLINTON,,1,0,4,3,2,PRESIDENT AND VICE PRESIDENT,34,16,16,1,1,1,65,0
116MB,PF - GLORIA ESTELA LA RIVA,,5,0,4,3,3,PRESIDENT AND VICE PRESIDENT,0,16,16,1,1,1,0,0
116MB,REP - DONALD J. TRUMP,,2,0,4,3,4,PRESIDENT AND VICE PRESIDENT,22,16,16,1,1,1,65,0
116MB,LIB - GARY JOHNSON,,4,0,4,3,5,PRESIDENT AND VICE PRESIDENT,6,16,16,1,1,1,65,0
116MB,WRITE-IN,,,0,4,3,6,PRESIDENT AND VICE PRESIDENT,1,16,16,1,1,1,65,1
116MB,DEM - LORETTA L. SANCHEZ,,1,0,5,5,1,US SENATOR,8,16,16,1,1,1,48,0
116MB,DEM - KAMALA D. HARRIS,,1,0,5,5,2,US SENATOR,40,16,16,1,1,1,48,0
116MB,DEM - RITA RAMIREZ,,1,0,6,6,1,US REPRESENTATIVE 8th DISTRICT,37,16,16,1,1,1,63,0
116MB,REP - PAUL COOK,,2,0,6,6,2,US REPRESENTATIVE 8th DISTRICT,26,16,16,1,1,1,63,0
116MB,REP - DEVON MATHIS,,2,0,7,7,1,STATE ASSEMBLY 26th DISTRICT,25,16,16,1,1,1,61,0
116MB,DEM - RUBEN MACARENO,,1,0,7,7,2,STATE ASSEMBLY 26th DISTRICT,36,16,16,1,1,1,61,0
116MB,YES,,,4,14,14,1,MEASURE 51,21,16,16,1,1,1,60,0
116MB,NO,,,4,14,14,2,MEASURE 51,39,16,16,1,1,1,60,0
116MB,YES,,,4,15,15,1,MEASURE 52,42,16,16,1,1,1,62,0
116MB,NO,,,4,15,15,2,MEASURE 52,20,16,16,1,1,1,62,0
116MB,YES,,,4,16,16,1,MEASURE 53,26,16,16,1,1,1,59,0
116MB,NO,,,4,16,16,2,MEASURE 53,33,16,16,1,1,1,59,0
116MB,YES,,,4,17,17,1,MEASURE 54,30,16,16,1,1,1,58,0
116MB,NO,,,4,17,17,2,MEASURE 54,28,16,16,1,1,1,58,0
116MB,YES,,,4,18,18,1,MEASURE 55,38,16,16,1,1,1,61,0
116MB,NO,,,4,18,18,2,MEASURE 55,23,16,16,1,1,1,61,0
116MB,YES,,,4,19,19,1,MEASURE 56,35,16,16,1,1,1,63,0
116MB,NO,,,4,19,19,2,MEASURE 56,28,16,16,1,1,1,63,0
116MB,YES,,,4,20,20,1,MEASURE 57,43,16,16,1,1,1,62,0
116MB,NO,,,4,20,20,2,MEASURE 57,19,16,16,1,1,1,62,0
116MB,YES,,,4,21,21,1,MEASURE 58,45,16,16,1,1,1,59,0
116MB,NO,,,4,21,21,2,MEASURE 58,14,16,16,1,1,1,59,0
116MB,YES,,,4,22,22,1,MEASURE 59,29,16,16,1,1,1,61,0
116MB,NO,,,4,22,22,2,MEASURE 59,32,16,16,1,1,1,61,0
116MB,YES,,,4,23,23,1,MEASURE 60,18,16,16,1,1,1,58,0
116MB,NO,,,4,23,23,2,MEASURE 60,40,16,16,1,1,1,58,0
116MB,YES,,,4,24,24,1,MEASURE 61,25,16,16,1,1,1,59,0
116MB,NO,,,4,24,24,2,MEASURE 61,34,16,16,1,1,1,59,0
116MB,YES,,,4,25,25,1,MEASURE 62,32,16,16,1,1,1,62,0
116MB,NO,,,4,25,25,2,MEASURE 62,30,16,16,1,1,1,62,0
116MB,YES,,,4,26,26,1,MEASURE 63,33,16,16,1,1,1,63,0
116MB,NO,,,4,26,26,2,MEASURE 63,30,16,16,1,1,1,63,0
116MB,YES,,,4,27,27,1,MEASURE 64,41,16,16,1,1,1,63,0
116MB,NO,,,4,27,27,2,MEASURE 64,22,16,16,1,1,1,63,0
116MB,YES,,,4,28,28,1,MEASURE 65,21,16,16,1,1,1,61,0
116MB,NO,,,4,28,28,2,MEASURE 65,40,16,16,1,1,1,61,0
116MB,YES,,,4,29,29,1,MEASURE 66,15,16,16,1,1,1,57,0
116MB,NO,,,4,29,29,2,MEASURE 66,42,16,16,1,1,1,57,0
116MB,YES,,,4,30,30,1,MEASURE 67,37,16,16,1,1,1,62,0
116MB,NO,,,4,30,30,2,MEASURE 67,25,16,16,1,1,1,62,0
116MB,YES,,,4,31,31,1,MEASURE G,46,16,16,1,1,1,61,0
116MB,NO,,,4,31,31,2,MEASURE G,15,16,16,1,1,1,61,0
116MB,YES,,,4,32,32,1,MEASURE H,46,16,16,1,1,1,62,0
116MB,NO,,,4,32,32,2,MEASURE H,16,16,16,1,1,1,62,0
116MB,YES,,,4,33,33,1,MEASURE I,42,16,16,1,1,1,59,0
116MB,NO,,,4,33,33,2,MEASURE I,17,16,16,1,1,1,59,0
117,Election Day Turnout,,,-2,0,-100,1,Registration & Turnout,109,17,17,0,0,0,426,0
117,Vote by Mail Turnout,,,-2,0,-100,2,Registration & Turnout,239,17,17,0,0,0,426,0
117,All Mail Precincts Turnout,,,-2,0,-100,3,Registration & Turnout,0,17,17,0,0,0,426,0
117,GRN - JILL STEIN,,3,0,4,3,1,PRESIDENT AND VICE PRESIDENT,5,17,17,1,1,1,334,0
117,DEM - HILLARY CLINTON,,1,0,4,3,2,PRESIDENT AND VICE PRESIDENT,123,17,17,1,1,1,334,0
117,PF - GLORIA ESTELA LA RIVA,,5,0,4,3,3,PRESIDENT AND VICE PRESIDENT,1,17,17,1,1,1,334,0
117,REP - DONALD J. TRUMP,,2,0,4,3,4,PRESIDENT AND VICE PRESIDENT,193,17,17,1,1,1,334,0
117,LIB - GARY JOHNSON,,4,0,4,3,5,PRESIDENT AND VICE PRESIDENT,6,17,17,1,1,1,334,0
117,WRITE-IN,,,0,4,3,6,PRESIDENT AND VICE PRESIDENT,6,17,17,1,1,1,334,1
117,DEM - LORETTA L. SANCHEZ,,1,0,5,5,1,US SENATOR,92,17,17,1,1,1,254,0
117,DEM - KAMALA D. HARRIS,,1,0,5,5,2,US SENATOR,162,17,17,1,1,1,254,0
117,DEM - RITA RAMIREZ,,1,0,6,6,1,US REPRESENTATIVE 8th DISTRICT,116,17,17,1,1,1,336,0
117,REP - PAUL COOK,,2,0,6,6,2,US REPRESENTATIVE 8th DISTRICT,220,17,17,1,1,1,336,0
117,REP - DEVON MATHIS,,2,0,7,7,1,STATE ASSEMBLY 26th DISTRICT,204,17,17,1,1,1,318,0
117,DEM - RUBEN MACARENO,,1,0,7,7,2,STATE ASSEMBLY 26th DISTRICT,114,17,17,1,1,1,318,0
117,NON - NATHAN READE,,0,0,9,9,1,OWENS VALLEY USD Gov Brd Mbr,199,17,17,2,1,1,521,0
117,NON - RAYMOND JAMES NAYLOR-HUNTER,,0,0,9,9,2,OWENS VALLEY USD Gov Brd Mbr,39,17,17,2,1,1,521,0
117,NON - SANDRA ANDERSON,,0,0,9,9,3,OWENS VALLEY USD Gov Brd Mbr,182,17,17,2,1,1,521,0
117,NON - KEITH SCOTT LEON,,0,0,9,9,4,OWENS VALLEY USD Gov Brd Mbr,94,17,17,2,1,1,521,0
117,WRITE-IN,,,0,9,9,5,OWENS VALLEY USD Gov Brd Mbr,7,17,17,2,1,1,521,1
117,YES,,,4,14,14,1,MEASURE 51,131,17,17,1,1,1,328,0
117,NO,,,4,14,14,2,MEASURE 51,197,17,17,1,1,1,328,0
117,YES,,,4,15,15,1,MEASURE 52,174,17,17,1,1,1,324,0
117,NO,,,4,15,15,2,MEASURE 52,150,17,17,1,1,1,324,0
117,YES,,,4,16,16,1,MEASURE 53,150,17,17,1,1,1,321,0
117,NO,,,4,16,16,2,MEASURE 53,171,17,17,1,1,1,321,0
117,YES,,,4,17,17,1,MEASURE 54,193,17,17,1,1,1,319,0
117,NO,,,4,17,17,2,MEASURE 54,126,17,17,1,1,1,319,0
117,YES,,,4,18,18,1,MEASURE 55,158,17,17,1,1,1,332,0
117,NO,,,4,18,18,2,MEASURE 55,174,17,17,1,1,1,332,0
117,YES,,,4,19,19,1,MEASURE 56,156,17,17,1,1,1,341,0
117,NO,,,4,19,19,2,MEASURE 56,185,17,17,1,1,1,341,0
117,YES,,,4,20,20,1,MEASURE 57,150,17,17,1,1,1,331,0
117,NO,,,4,20,20,2,MEASURE 57,181,17,17,1,1,1,331,0
117,YES,,,4,21,21,1,MEASURE 58,207,17,17,1,1,1,331,0
117,NO,,,4,21,21,2,MEASURE 58,124,17,17,1,1,1,331,0
117,YES,,,4,22,22,1,MEASURE 59,135,17,17,1,1,1,310,0
117,NO,,,4,22,22,2,MEASURE 59,175,17,17,1,1,1,310,0
117,YES,,,4,23,23,1,MEASURE 60,133,17,17,1,1,1,317,0
117,NO,,,4,23,23,2,MEASURE 60,184,17,17,1,1,1,317,0
117,YES,,,4,24,24,1,MEASURE 61,119,17,17,1,1,1,324,0
117,NO,,,4,24,24,2,MEASURE 61,205,17,17,1,1,1,324,0
117,YES,,,4,25,25,1,MEASURE 62,99,17,17,1,1,1,330,0
117,NO,,,4,25,25,2,MEASURE 62,231,17,17,1,1,1,330,0
117,YES,,,4,26,26,1,MEASURE 63,107,17,17,1,1,1,334,0
117,NO,,,4,26,26,2,MEASURE 63,227,17,17,1,1,1,334,0
117,YES,,,4,27,27,1,MEASURE 64,198,17,17,1,1,1,339,0
117,NO,,,4,27,27,2,MEASURE 64,141,17,17,1,1,1,339,0
117,YES,,,4,28,28,1,MEASURE 65,106,17,17,1,1,1,326,0
117,NO,,,4,28,28,2,MEASURE 65,220,17,17,1,1,1,326,0
117,YES,,,4,29,29,1,MEASURE 66,151,17,17,1,1,1,315,0
117,NO,,,4,29,29,2,MEASURE 66,164,17,17,1,1,1,315,0
117,YES,,,4,30,30,1,MEASURE 67,131,17,17,1,1,1,334,0
117,NO,,,4,30,30,2,MEASURE 67,203,17,17,1,1,1,334,0
117,YES,,,4,31,31,1,MEASURE G,184,17,17,1,1,1,333,0
117,NO,,,4,31,31,2,MEASURE G,149,17,17,1,1,1,333,0
117,YES,,,4,32,32,1,MEASURE H,198,17,17,1,1,1,329,0
117,NO,,,4,32,32,2,MEASURE H,131,17,17,1,1,1,329,0
117,YES,,,4,33,33,1,MEASURE I,210,17,17,1,1,1,322,0
117,NO,,,4,33,33,2,MEASURE I,112,17,17,1,1,1,322,0
118MB,Election Day Turnout,,,-2,0,-100,1,Registration & Turnout,0,18,18,0,0,0,4,0
118MB,Vote by Mail Turnout,,,-2,0,-100,2,Registration & Turnout,0,18,18,0,0,0,4,0
118MB,All Mail Precincts Turnout,,,-2,0,-100,3,Registration & Turnout,4,18,18,0,0,0,4,0
118MB,GRN - JILL STEIN,,3,0,4,3,1,PRESIDENT AND VICE PRESIDENT,0,18,18,1,1,1,0,0
118MB,DEM - HILLARY CLINTON,,1,0,4,3,2,PRESIDENT AND VICE PRESIDENT,0,18,18,1,1,1,0,0
118MB,PF - GLORIA ESTELA LA RIVA,,5,0,4,3,3,PRESIDENT AND VICE PRESIDENT,0,18,18,1,1,1,0,0
118MB,REP - DONALD J. TRUMP,,2,0,4,3,4,PRESIDENT AND VICE PRESIDENT,4,18,18,1,1,1,4,0
118MB,LIB - GARY JOHNSON,,4,0,4,3,5,PRESIDENT AND VICE PRESIDENT,0,18,18,1,1,1,0,0
118MB,WRITE-IN,,,0,4,3,6,PRESIDENT AND VICE PRESIDENT,0,18,18,1,1,1,0,1
118MB,DEM - LORETTA L. SANCHEZ,,1,0,5,5,1,US SENATOR,0,18,18,1,1,1,0,0
118MB,DEM - KAMALA D. HARRIS,,1,0,5,5,2,US SENATOR,0,18,18,1,1,1,0,0
118MB,DEM - RITA RAMIREZ,,1,0,6,6,1,US REPRESENTATIVE 8th DISTRICT,0,18,18,1,1,1,0,0
118MB,REP - PAUL COOK,,2,0,6,6,2,US REPRESENTATIVE 8th DISTRICT,4,18,18,1,1,1,4,0
118MB,REP - DEVON MATHIS,,2,0,7,7,1,STATE ASSEMBLY 26th DISTRICT,4,18,18,1,1,1,4,0
118MB,DEM - RUBEN MACARENO,,1,0,7,7,2,STATE ASSEMBLY 26th DISTRICT,0,18,18,1,1,1,0,0
118MB,NON - NATHAN READE,,0,0,9,9,1,OWENS VALLEY USD Gov Brd Mbr,4,18,18,2,1,1,4,0
118MB,NON - RAYMOND JAMES NAYLOR-HUNTER,,0,0,9,9,2,OWENS VALLEY USD Gov Brd Mbr,0,18,18,2,1,1,0,0
118MB,NON - SANDRA ANDERSON,,0,0,9,9,3,OWENS VALLEY USD Gov Brd Mbr,0,18,18,2,1,1,0,0
118MB,NON - KEITH SCOTT LEON,,0,0,9,9,4,OWENS VALLEY USD Gov Brd Mbr,0,18,18,2,1,1,0,0
118MB,WRITE-IN,,,0,9,9,5,OWENS VALLEY USD Gov Brd Mbr,0,18,18,2,1,1,0,1
118MB,YES,,,4,14,14,1,MEASURE 51,0,18,18,1,1,1,0,0
118MB,NO,,,4,14,14,2,MEASURE 51,4,18,18,1,1,1,4,0
118MB,YES,,,4,15,15,1,MEASURE 52,4,18,18,1,1,1,4,0
118MB,NO,,,4,15,15,2,MEASURE 52,0,18,18,1,1,1,0,0
118MB,YES,,,4,16,16,1,MEASURE 53,4,18,18,1,1,1,4,0
118MB,NO,,,4,16,16,2,MEASURE 53,0,18,18,1,1,1,0,0
118MB,YES,,,4,17,17,1,MEASURE 54,0,18,18,1,1,1,0,0
118MB,NO,,,4,17,17,2,MEASURE 54,4,18,18,1,1,1,4,0
118MB,YES,,,4,18,18,1,MEASURE 55,0,18,18,1,1,1,0,0
118MB,NO,,,4,18,18,2,MEASURE 55,4,18,18,1,1,1,4,0
118MB,YES,,,4,19,19,1,MEASURE 56,0,18,18,1,1,1,0,0
118MB,NO,,,4,19,19,2,MEASURE 56,4,18,18,1,1,1,4,0
118MB,YES,,,4,20,20,1,MEASURE 57,0,18,18,1,1,1,0,0
118MB,NO,,,4,20,20,2,MEASURE 57,4,18,18,1,1,1,4,0
118MB,YES,,,4,21,21,1,MEASURE 58,0,18,18,1,1,1,0,0
118MB,NO,,,4,21,21,2,MEASURE 58,4,18,18,1,1,1,4,0
118MB,YES,,,4,22,22,1,MEASURE 59,0,18,18,1,1,1,0,0
118MB,NO,,,4,22,22,2,MEASURE 59,4,18,18,1,1,1,4,0
118MB,YES,,,4,23,23,1,MEASURE 60,0,18,18,1,1,1,0,0
118MB,NO,,,4,23,23,2,MEASURE 60,4,18,18,1,1,1,4,0
118MB,YES,,,4,24,24,1,MEASURE 61,0,18,18,1,1,1,0,0
118MB,NO,,,4,24,24,2,MEASURE 61,4,18,18,1,1,1,4,0
118MB,YES,,,4,25,25,1,MEASURE 62,0,18,18,1,1,1,0,0
118MB,NO,,,4,25,25,2,MEASURE 62,4,18,18,1,1,1,4,0
118MB,YES,,,4,26,26,1,MEASURE 63,0,18,18,1,1,1,0,0
118MB,NO,,,4,26,26,2,MEASURE 63,4,18,18,1,1,1,4,0
118MB,YES,,,4,27,27,1,MEASURE 64,4,18,18,1,1,1,4,0
118MB,NO,,,4,27,27,2,MEASURE 64,0,18,18,1,1,1,0,0
118MB,YES,,,4,28,28,1,MEASURE 65,0,18,18,1,1,1,0,0
118MB,NO,,,4,28,28,2,MEASURE 65,4,18,18,1,1,1,4,0
118MB,YES,,,4,29,29,1,MEASURE 66,0,18,18,1,1,1,0,0
118MB,NO,,,4,29,29,2,MEASURE 66,4,18,18,1,1,1,4,0
118MB,YES,,,4,30,30,1,MEASURE 67,0,18,18,1,1,1,0,0
118MB,NO,,,4,30,30,2,MEASURE 67,4,18,18,1,1,1,4,0
118MB,YES,,,4,31,31,1,MEASURE G,4,18,18,1,1,1,4,0
118MB,NO,,,4,31,31,2,MEASURE G,0,18,18,1,1,1,0,0
118MB,YES,,,4,32,32,1,MEASURE H,4,18,18,1,1,1,4,0
118MB,NO,,,4,32,32,2,MEASURE H,0,18,18,1,1,1,0,0
118MB,YES,,,4,33,33,1,MEASURE I,0,18,18,1,1,1,0,0
118MB,NO,,,4,33,33,2,MEASURE I,4,18,18,1,1,1,4,0
119,Election Day Turnout,,,-2,0,-100,1,Registration & Turnout,147,19,19,0,0,0,434,0
119,Vote by Mail Turnout,,,-2,0,-100,2,Registration & Turnout,205,19,19,0,0,0,434,0
119,All Mail Precincts Turnout,,,-2,0,-100,3,Registration & Turnout,0,19,19,0,0,0,434,0
119,GRN - JILL STEIN,,3,0,4,3,1,PRESIDENT AND VICE PRESIDENT,6,19,19,1,1,1,346,0
119,DEM - HILLARY CLINTON,,1,0,4,3,2,PRESIDENT AND VICE PRESIDENT,148,19,19,1,1,1,346,0
119,PF - GLORIA ESTELA LA RIVA,,5,0,4,3,3,PRESIDENT AND VICE PRESIDENT,2,19,19,1,1,1,346,0
119,REP - DONALD J. TRUMP,,2,0,4,3,4,PRESIDENT AND VICE PRESIDENT,163,19,19,1,1,1,346,0
119,LIB - GARY JOHNSON,,4,0,4,3,5,PRESIDENT AND VICE PRESIDENT,13,19,19,1,1,1,346,0
119,WRITE-IN,,,0,4,3,6,PRESIDENT AND VICE PRESIDENT,14,19,19,1,1,1,346,1
119,DEM - LORETTA L. SANCHEZ,,1,0,5,5,1,US SENATOR,119,19,19,1,1,1,287,0
119,DEM - KAMALA D. HARRIS,,1,0,5,5,2,US SENATOR,168,19,19,1,1,1,287,0
119,DEM - RITA RAMIREZ,,1,0,6,6,1,US REPRESENTATIVE 8th DISTRICT,147,19,19,1,1,1,339,0
119,REP - PAUL COOK,,2,0,6,6,2,US REPRESENTATIVE 8th DISTRICT,192,19,19,1,1,1,339,0
119,REP - DEVON MATHIS,,2,0,7,7,1,STATE ASSEMBLY 26th DISTRICT,162,19,19,1,1,1,323,0
119,DEM - RUBEN MACARENO,,1,0,7,7,2,STATE ASSEMBLY 26th DISTRICT,161,19,19,1,1,1,323,0
119,NON - SUSAN KAY PATTON,,0,0,8,8,1,LONE PINE USD Gov Brd Mbr,154,19,19,2,1,1,454,0
119,NON - MARJIANNE YONGE,,0,0,8,8,2,LONE PINE USD Gov Brd Mbr,151,19,19,2,1,1,454,0
119,NON - LEIGH A. MILLER,,0,0,8,8,3,LONE PINE USD Gov Brd Mbr,145,19,19,2,1,1,454,0
119,WRITE-IN,,,0,8,8,4,LONE PINE USD Gov Brd Mbr,4,19,19,2,1,1,454,1
119,YES,,,4,14,14,1,MEASURE 51,159,19,19,1,1,1,330,0
119,NO,,,4,14,14,2,MEASURE 51,171,19,19,1,1,1,330,0
119,YES,,,4,15,15,1,MEASURE 52,208,19,19,1,1,1,337,0
119,NO,,,4,15,15,2,MEASURE 52,129,19,19,1,1,1,337,0
119,YES,,,4,16,16,1,MEASURE 53,159,19,19,1,1,1,330,0
119,NO,,,4,16,16,2,MEASURE 53,171,19,19,1,1,1,330,0
119,YES,,,4,17,17,1,MEASURE 54,207,19,19,1,1,1,328,0
119,NO,,,4,17,17,2,MEASURE 54,121,19,19,1,1,1,328,0
119,YES,,,4,18,18,1,MEASURE 55,207,19,19,1,1,1,338,0
119,NO,,,4,18,18,2,MEASURE 55,131,19,19,1,1,1,338,0
119,YES,,,4,19,19,1,MEASURE 56,155,19,19,1,1,1,340,0
119,NO,,,4,19,19,2,MEASURE 56,185,19,19,1,1,1,340,0
119,YES,,,4,20,20,1,MEASURE 57,190,19,19,1,1,1,336,0
119,NO,,,4,20,20,2,MEASURE 57,146,19,19,1,1,1,336,0
119,YES,,,4,21,21,1,MEASURE 58,213,19,19,1,1,1,333,0
119,NO,,,4,21,21,2,MEASURE 58,120,19,19,1,1,1,333,0
119,YES,,,4,22,22,1,MEASURE 59,129,19,19,1,1,1,314,0
119,NO,,,4,22,22,2,MEASURE 59,185,19,19,1,1,1,314,0
119,YES,,,4,23,23,1,MEASURE 60,148,19,19,1,1,1,318,0
119,NO,,,4,23,23,2,MEASURE 60,170,19,19,1,1,1,318,0
119,YES,,,4,24,24,1,MEASURE 61,131,19,19,1,1,1,330,0
119,NO,,,4,24,24,2,MEASURE 61,199,19,19,1,1,1,330,0
119,YES,,,4,25,25,1,MEASURE 62,109,19,19,1,1,1,330,0
119,NO,,,4,25,25,2,MEASURE 62,221,19,19,1,1,1,330,0
119,YES,,,4,26,26,1,MEASURE 63,112,19,19,1,1,1,335,0
119,NO,,,4,26,26,2,MEASURE 63,223,19,19,1,1,1,335,0
119,YES,,,4,27,27,1,MEASURE 64,192,19,19,1,1,1,332,0
119,NO,,,4,27,27,2,MEASURE 64,140,19,19,1,1,1,332,0
119,YES,,,4,28,28,1,MEASURE 65,128,19,19,1,1,1,330,0
119,NO,,,4,28,28,2,MEASURE 65,202,19,19,1,1,1,330,0
119,YES,,,4,29,29,1,MEASURE 66,156,19,19,1,1,1,307,0
119,NO,,,4,29,29,2,MEASURE 66,151,19,19,1,1,1,307,0
119,YES,,,4,30,30,1,MEASURE 67,119,19,19,1,1,1,330,0
119,NO,,,4,30,30,2,MEASURE 67,211,19,19,1,1,1,330,0
119,YES,,,4,31,31,1,MEASURE G,194,19,19,1,1,1,325,0
119,NO,,,4,31,31,2,MEASURE G,131,19,19,1,1,1,325,0
119,YES,,,4,32,32,1,MEASURE H,179,19,19,1,1,1,322,0
119,NO,,,4,32,32,2,MEASURE H,143,19,19,1,1,1,322,0
119,YES,,,4,33,33,1,MEASURE I,204,19,19,1,1,1,318,0
119,NO,,,4,33,33,2,MEASURE I,114,19,19,1,1,1,318,0
120,Election Day Turnout,,,-2,0,-100,1,Registration & Turnout,159,20,20,0,0,0,547,0
120,Vote by Mail Turnout,,,-2,0,-100,2,Registration & Turnout,261,20,20,0,0,0,547,0
120,All Mail Precincts Turnout,,,-2,0,-100,3,Registration & Turnout,0,20,20,0,0,0,547,0
120,GRN - JILL STEIN,,3,0,4,3,1,PRESIDENT AND VICE PRESIDENT,12,20,20,1,1,1,409,0
120,DEM - HILLARY CLINTON,,1,0,4,3,2,PRESIDENT AND VICE PRESIDENT,155,20,20,1,1,1,409,0
120,PF - GLORIA ESTELA LA RIVA,,5,0,4,3,3,PRESIDENT AND VICE PRESIDENT,1,20,20,1,1,1,409,0
120,REP - DONALD J. TRUMP,,2,0,4,3,4,PRESIDENT AND VICE PRESIDENT,218,20,20,1,1,1,409,0
120,LIB - GARY JOHNSON,,4,0,4,3,5,PRESIDENT AND VICE PRESIDENT,17,20,20,1,1,1,409,0
120,WRITE-IN,,,0,4,3,6,PRESIDENT AND VICE PRESIDENT,6,20,20,1,1,1,409,1
120,DEM - LORETTA L. SANCHEZ,,1,0,5,5,1,US SENATOR,130,20,20,1,1,1,322,0
120,DEM - KAMALA D. HARRIS,,1,0,5,5,2,US SENATOR,192,20,20,1,1,1,322,0
120,DEM - RITA RAMIREZ,,1,0,6,6,1,US REPRESENTATIVE 8th DISTRICT,153,20,20,1,1,1,395,0
120,REP - PAUL COOK,,2,0,6,6,2,US REPRESENTATIVE 8th DISTRICT,242,20,20,1,1,1,395,0
120,REP - DEVON MATHIS,,2,0,7,7,1,STATE ASSEMBLY 26th DISTRICT,232,20,20,1,1,1,383,0
120,DEM - RUBEN MACARENO,,1,0,7,7,2,STATE ASSEMBLY 26th DISTRICT,151,20,20,1,1,1,383,0
120,NON - SUSAN KAY PATTON,,0,0,8,8,1,LONE PINE USD Gov Brd Mbr,173,20,20,2,1,1,532,0
120,NON - MARJIANNE YONGE,,0,0,8,8,2,LONE PINE USD Gov Brd Mbr,198,20,20,2,1,1,532,0
120,NON - LEIGH A. MILLER,,0,0,8,8,3,LONE PINE USD Gov Brd Mbr,155,20,20,2,1,1,532,0
120,WRITE-IN,,,0,8,8,4,LONE PINE USD Gov Brd Mbr,6,20,20,2,1,1,532,1
120,YES,,,4,14,14,1,MEASURE 51,168,20,20,1,1,1,393,0
120,NO,,,4,14,14,2,MEASURE 51,225,20,20,1,1,1,393,0
120,YES,,,4,15,15,1,MEASURE 52,244,20,20,1,1,1,395,0
120,NO,,,4,15,15,2,MEASURE 52,151,20,20,1,1,1,395,0
120,YES,,,4,16,16,1,MEASURE 53,208,20,20,1,1,1,391,0
120,NO,,,4,16,16,2,MEASURE 53,183,20,20,1,1,1,391,0
120,YES,,,4,17,17,1,MEASURE 54,233,20,20,1,1,1,391,0
120,NO,,,4,17,17,2,MEASURE 54,158,20,20,1,1,1,391,0
120,YES,,,4,18,18,1,MEASURE 55,215,20,20,1,1,1,401,0
120,NO,,,4,18,18,2,MEASURE 55,186,20,20,1,1,1,401,0
120,YES,,,4,19,19,1,MEASURE 56,203,20,20,1,1,1,411,0
120,NO,,,4,19,19,2,MEASURE 56,208,20,20,1,1,1,411,0
120,YES,,,4,20,20,1,MEASURE 57,215,20,20,1,1,1,395,0
120,NO,,,4,20,20,2,MEASURE 57,180,20,20,1,1,1,395,0
120,YES,,,4,21,21,1,MEASURE 58,253,20,20,1,1,1,388,0
120,NO,,,4,21,21,2,MEASURE 58,135,20,20,1,1,1,388,0
120,YES,,,4,22,22,1,MEASURE 59,155,20,20,1,1,1,371,0
120,NO,,,4,22,22,2,MEASURE 59,216,20,20,1,1,1,371,0
120,YES,,,4,23,23,1,MEASURE 60,183,20,20,1,1,1,367,0
120,NO,,,4,23,23,2,MEASURE 60,184,20,20,1,1,1,367,0
120,YES,,,4,24,24,1,MEASURE 61,149,20,20,1,1,1,387,0
120,NO,,,4,24,24,2,MEASURE 61,238,20,20,1,1,1,387,0
120,YES,,,4,25,25,1,MEASURE 62,142,20,20,1,1,1,391,0
120,NO,,,4,25,25,2,MEASURE 62,249,20,20,1,1,1,391,0
120,YES,,,4,26,26,1,MEASURE 63,140,20,20,1,1,1,388,0
120,NO,,,4,26,26,2,MEASURE 63,248,20,20,1,1,1,388,0
120,YES,,,4,27,27,1,MEASURE 64,214,20,20,1,1,1,396,0
120,NO,,,4,27,27,2,MEASURE 64,182,20,20,1,1,1,396,0
120,YES,,,4,28,28,1,MEASURE 65,132,20,20,1,1,1,388,0
120,NO,,,4,28,28,2,MEASURE 65,256,20,20,1,1,1,388,0
120,YES,,,4,29,29,1,MEASURE 66,177,20,20,1,1,1,369,0
120,NO,,,4,29,29,2,MEASURE 66,192,20,20,1,1,1,369,0
120,YES,,,4,30,30,1,MEASURE 67,162,20,20,1,1,1,386,0
120,NO,,,4,30,30,2,MEASURE 67,224,20,20,1,1,1,386,0
120,YES,,,4,31,31,1,MEASURE G,218,20,20,1,1,1,387,0
120,NO,,,4,31,31,2,MEASURE G,169,20,20,1,1,1,387,0
120,YES,,,4,32,32,1,MEASURE H,208,20,20,1,1,1,384,0
120,NO,,,4,32,32,2,MEASURE H,176,20,20,1,1,1,384,0
120,YES,,,4,33,33,1,MEASURE I,235,20,20,1,1,1,374,0
120,NO,,,4,33,33,2,MEASURE I,139,20,20,1,1,1,374,0
121MB,Election Day Turnout,,,-2,0,-100,1,Registration & Turnout,2,21,21,0,0,0,94,0
121MB,Vote by Mail Turnout,,,-2,0,-100,2,Registration & Turnout,0,21,21,0,0,0,94,0
121MB,All Mail Precincts Turnout,,,-2,0,-100,3,Registration & Turnout,73,21,21,0,0,0,94,0
121MB,GRN - JILL STEIN,,3,0,4,3,1,PRESIDENT AND VICE PRESIDENT,8,21,21,1,1,1,75,0
121MB,DEM - HILLARY CLINTON,,1,0,4,3,2,PRESIDENT AND VICE PRESIDENT,40,21,21,1,1,1,75,0
121MB,PF - GLORIA ESTELA LA RIVA,,5,0,4,3,3,PRESIDENT AND VICE PRESIDENT,3,21,21,1,1,1,75,0
121MB,REP - DONALD J. TRUMP,,2,0,4,3,4,PRESIDENT AND VICE PRESIDENT,17,21,21,1,1,1,75,0
121MB,LIB - GARY JOHNSON,,4,0,4,3,5,PRESIDENT AND VICE PRESIDENT,5,21,21,1,1,1,75,0
121MB,WRITE-IN,,,0,4,3,6,PRESIDENT AND VICE PRESIDENT,2,21,21,1,1,1,75,1
121MB,DEM - LORETTA L. SANCHEZ,,1,0,5,5,1,US SENATOR,21,21,21,1,1,1,64,0
121MB,DEM - KAMALA D. HARRIS,,1,0,5,5,2,US SENATOR,43,21,21,1,1,1,64,0
121MB,DEM - RITA RAMIREZ,,1,0,6,6,1,US REPRESENTATIVE 8th DISTRICT,39,21,21,1,1,1,68,0
121MB,REP - PAUL COOK,,2,0,6,6,2,US REPRESENTATIVE 8th DISTRICT,29,21,21,1,1,1,68,0
121MB,REP - DEVON MATHIS,,2,0,7,7,1,STATE ASSEMBLY 26th DISTRICT,26,21,21,1,1,1,66,0
121MB,DEM - RUBEN MACARENO,,1,0,7,7,2,STATE ASSEMBLY 26th DISTRICT,40,21,21,1,1,1,66,0
121MB,NON - SUSAN KAY PATTON,,0,0,8,8,1,LONE PINE USD Gov Brd Mbr,37,21,21,2,1,1,84,0
121MB,NON - MARJIANNE YONGE,,0,0,8,8,2,LONE PINE USD Gov Brd Mbr,27,21,21,2,1,1,84,0
121MB,NON - LEIGH A. MILLER,,0,0,8,8,3,LONE PINE USD Gov Brd Mbr,20,21,21,2,1,1,84,0
121MB,WRITE-IN,,,0,8,8,4,LONE PINE USD Gov Brd Mbr,0,21,21,2,1,1,0,1
121MB,YES,,,4,14,14,1,MEASURE 51,43,21,21,1,1,1,67,0
121MB,NO,,,4,14,14,2,MEASURE 51,24,21,21,1,1,1,67,0
121MB,YES,,,4,15,15,1,MEASURE 52,51,21,21,1,1,1,70,0
121MB,NO,,,4,15,15,2,MEASURE 52,19,21,21,1,1,1,70,0
121MB,YES,,,4,16,16,1,MEASURE 53,27,21,21,1,1,1,64,0
121MB,NO,,,4,16,16,2,MEASURE 53,37,21,21,1,1,1,64,0
121MB,YES,,,4,17,17,1,MEASURE 54,48,21,21,1,1,1,68,0
121MB,NO,,,4,17,17,2,MEASURE 54,20,21,21,1,1,1,68,0
121MB,YES,,,4,18,18,1,MEASURE 55,49,21,21,1,1,1,69,0
121MB,NO,,,4,18,18,2,MEASURE 55,20,21,21,1,1,1,69,0
121MB,YES,,,4,19,19,1,MEASURE 56,38,21,21,1,1,1,73,0
121MB,NO,,,4,19,19,2,MEASURE 56,35,21,21,1,1,1,73,0
121MB,YES,,,4,20,20,1,MEASURE 57,61,21,21,1,1,1,70,0
121MB,NO,,,4,20,20,2,MEASURE 57,9,21,21,1,1,1,70,0
121MB,YES,,,4,21,21,1,MEASURE 58,54,21,21,1,1,1,70,0
121MB,NO,,,4,21,21,2,MEASURE 58,16,21,21,1,1,1,70,0
121MB,YES,,,4,22,22,1,MEASURE 59,42,21,21,1,1,1,66,0
121MB,NO,,,4,22,22,2,MEASURE 59,24,21,21,1,1,1,66,0
121MB,YES,,,4,23,23,1,MEASURE 60,39,21,21,1,1,1,69,0
121MB,NO,,,4,23,23,2,MEASURE 60,30,21,21,1,1,1,69,0
121MB,YES,,,4,24,24,1,MEASURE 61,46,21,21,1,1,1,70,0
121MB,NO,,,4,24,24,2,MEASURE 61,24,21,21,1,1,1,70,0
121MB,YES,,,4,25,25,1,MEASURE 62,34,21,21,1,1,1,69,0
121MB,NO,,,4,25,25,2,MEASURE 62,35,21,21,1,1,1,69,0
121MB,YES,,,4,26,26,1,MEASURE 63,37,21,21,1,1,1,71,0
121MB,NO,,,4,26,26,2,MEASURE 63,34,21,21,1,1,1,71,0
121MB,YES,,,4,27,27,1,MEASURE 64,62,21,21,1,1,1,72,0
121MB,NO,,,4,27,27,2,MEASURE 64,10,21,21,1,1,1,72,0
121MB,YES,,,4,28,28,1,MEASURE 65,28,21,21,1,1,1,68,0
121MB,NO,,,4,28,28,2,MEASURE 65,40,21,21,1,1,1,68,0
121MB,YES,,,4,29,29,1,MEASURE 66,25,21,21,1,1,1,63,0
121MB,NO,,,4,29,29,2,MEASURE 66,38,21,21,1,1,1,63,0
121MB,YES,,,4,30,30,1,MEASURE 67,36,21,21,1,1,1,70,0
121MB,NO,,,4,30,30,2,MEASURE 67,34,21,21,1,1,1,70,0
121MB,YES,,,4,31,31,1,MEASURE G,49,21,21,1,1,1,69,0
121MB,NO,,,4,31,31,2,MEASURE G,20,21,21,1,1,1,69,0
121MB,YES,,,4,32,32,1,MEASURE H,50,21,21,1,1,1,69,0
121MB,NO,,,4,32,32,2,MEASURE H,19,21,21,1,1,1,69,0
121MB,YES,,,4,33,33,1,MEASURE I,45,21,21,1,1,1,68,0
121MB,NO,,,4,33,33,2,MEASURE I,23,21,21,1,1,1,68,0
122MB,Election Day Turnout,,,-2,0,-100,1,Registration & Turnout,4,22,22,0,0,0,195,0
122MB,Vote by Mail Turnout,,,-2,0,-100,2,Registration & Turnout,0,22,22,0,0,0,195,0
122MB,All Mail Precincts Turnout,,,-2,0,-100,3,Registration & Turnout,151,22,22,0,0,0,195,0
122MB,GRN - JILL STEIN,,3,0,4,3,1,PRESIDENT AND VICE PRESIDENT,3,22,22,1,1,1,153,0
122MB,DEM - HILLARY CLINTON,,1,0,4,3,2,PRESIDENT AND VICE PRESIDENT,33,22,22,1,1,1,153,0
122MB,PF - GLORIA ESTELA LA RIVA,,5,0,4,3,3,PRESIDENT AND VICE PRESIDENT,1,22,22,1,1,1,153,0
122MB,REP - DONALD J. TRUMP,,2,0,4,3,4,PRESIDENT AND VICE PRESIDENT,108,22,22,1,1,1,153,0
122MB,LIB - GARY JOHNSON,,4,0,4,3,5,PRESIDENT AND VICE PRESIDENT,5,22,22,1,1,1,153,0
122MB,WRITE-IN,,,0,4,3,6,PRESIDENT AND VICE PRESIDENT,3,22,22,1,1,1,153,1
122MB,DEM - LORETTA L. SANCHEZ,,1,0,5,5,1,US SENATOR,42,22,22,1,1,1,102,0
122MB,DEM - KAMALA D. HARRIS,,1,0,5,5,2,US SENATOR,60,22,22,1,1,1,102,0
122MB,DEM - RITA RAMIREZ,,1,0,6,6,1,US REPRESENTATIVE 8th DISTRICT,37,22,22,1,1,1,136,0
122MB,REP - PAUL COOK,,2,0,6,6,2,US REPRESENTATIVE 8th DISTRICT,99,22,22,1,1,1,136,0
122MB,REP - DEVON MATHIS,,2,0,7,7,1,STATE ASSEMBLY 26th DISTRICT,99,22,22,1,1,1,137,0
122MB,DEM - RUBEN MACARENO,,1,0,7,7,2,STATE ASSEMBLY 26th DISTRICT,38,22,22,1,1,1,137,0
122MB,NON - SUSAN KAY PATTON,,0,0,8,8,1,LONE PINE USD Gov Brd Mbr,84,22,22,2,1,1,200,0
122MB,NON - MARJIANNE YONGE,,0,0,8,8,2,LONE PINE USD Gov Brd Mbr,66,22,22,2,1,1,200,0
122MB,NON - LEIGH A. MILLER,,0,0,8,8,3,LONE PINE USD Gov Brd Mbr,50,22,22,2,1,1,200,0
122MB,WRITE-IN,,,0,8,8,4,LONE PINE USD Gov Brd Mbr,0,22,22,2,1,1,0,1
122MB,YES,,,4,14,14,1,MEASURE 51,42,22,22,1,1,1,145,0
122MB,NO,,,4,14,14,2,MEASURE 51,103,22,22,1,1,1,145,0
122MB,YES,,,4,15,15,1,MEASURE 52,68,22,22,1,1,1,147,0
122MB,NO,,,4,15,15,2,MEASURE 52,79,22,22,1,1,1,147,0
122MB,YES,,,4,16,16,1,MEASURE 53,89,22,22,1,1,1,145,0
122MB,NO,,,4,16,16,2,MEASURE 53,56,22,22,1,1,1,145,0
122MB,YES,,,4,17,17,1,MEASURE 54,83,22,22,1,1,1,144,0
122MB,NO,,,4,17,17,2,MEASURE 54,61,22,22,1,1,1,144,0
122MB,YES,,,4,18,18,1,MEASURE 55,55,22,22,1,1,1,145,0
122MB,NO,,,4,18,18,2,MEASURE 55,90,22,22,1,1,1,145,0
122MB,YES,,,4,19,19,1,MEASURE 56,45,22,22,1,1,1,150,0
122MB,NO,,,4,19,19,2,MEASURE 56,105,22,22,1,1,1,150,0
122MB,YES,,,4,20,20,1,MEASURE 57,72,22,22,1,1,1,147,0
122MB,NO,,,4,20,20,2,MEASURE 57,75,22,22,1,1,1,147,0
122MB,YES,,,4,21,21,1,MEASURE 58,81,22,22,1,1,1,145,0
122MB,NO,,,4,21,21,2,MEASURE 58,64,22,22,1,1,1,145,0
122MB,YES,,,4,22,22,1,MEASURE 59,52,22,22,1,1,1,141,0
122MB,NO,,,4,22,22,2,MEASURE 59,89,22,22,1,1,1,141,0
122MB,YES,,,4,23,23,1,MEASURE 60,68,22,22,1,1,1,147,0
122MB,NO,,,4,23,23,2,MEASURE 60,79,22,22,1,1,1,147,0
122MB,YES,,,4,24,24,1,MEASURE 61,41,22,22,1,1,1,149,0
122MB,NO,,,4,24,24,2,MEASURE 61,108,22,22,1,1,1,149,0
122MB,YES,,,4,25,25,1,MEASURE 62,35,22,22,1,1,1,149,0
122MB,NO,,,4,25,25,2,MEASURE 62,114,22,22,1,1,1,149,0
122MB,YES,,,4,26,26,1,MEASURE 63,32,22,22,1,1,1,151,0
122MB,NO,,,4,26,26,2,MEASURE 63,119,22,22,1,1,1,151,0
122MB,YES,,,4,27,27,1,MEASURE 64,89,22,22,1,1,1,147,0
122MB,NO,,,4,27,27,2,MEASURE 64,58,22,22,1,1,1,147,0
122MB,YES,,,4,28,28,1,MEASURE 65,51,22,22,1,1,1,147,0
122MB,NO,,,4,28,28,2,MEASURE 65,96,22,22,1,1,1,147,0
122MB,YES,,,4,29,29,1,MEASURE 66,82,22,22,1,1,1,142,0
122MB,NO,,,4,29,29,2,MEASURE 66,60,22,22,1,1,1,142,0
122MB,YES,,,4,30,30,1,MEASURE 67,45,22,22,1,1,1,146,0
122MB,NO,,,4,30,30,2,MEASURE 67,101,22,22,1,1,1,146,0
122MB,YES,,,4,31,31,1,MEASURE G,79,22,22,1,1,1,140,0
122MB,NO,,,4,31,31,2,MEASURE G,61,22,22,1,1,1,140,0
122MB,YES,,,4,32,32,1,MEASURE H,81,22,22,1,1,1,141,0
122MB,NO,,,4,32,32,2,MEASURE H,60,22,22,1,1,1,141,0
122MB,YES,,,4,33,33,1,MEASURE I,77,22,22,1,1,1,141,0
122MB,NO,,,4,33,33,2,MEASURE I,64,22,22,1,1,1,141,0
123MB,Election Day Turnout,,,-2,0,-100,1,Registration & Turnout,0,23,23,0,0,0,178,0
123MB,Vote by Mail Turnout,,,-2,0,-100,2,Registration & Turnout,0,23,23,0,0,0,178,0
123MB,All Mail Precincts Turnout,,,-2,0,-100,3,Registration & Turnout,138,23,23,0,0,0,178,0
123MB,GRN - JILL STEIN,,3,0,4,3,1,PRESIDENT AND VICE PRESIDENT,3,23,23,1,1,1,138,0
123MB,DEM - HILLARY CLINTON,,1,0,4,3,2,PRESIDENT AND VICE PRESIDENT,77,23,23,1,1,1,138,0
123MB,PF - GLORIA ESTELA LA RIVA,,5,0,4,3,3,PRESIDENT AND VICE PRESIDENT,2,23,23,1,1,1,138,0
123MB,REP - DONALD J. TRUMP,,2,0,4,3,4,PRESIDENT AND VICE PRESIDENT,48,23,23,1,1,1,138,0
123MB,LIB - GARY JOHNSON,,4,0,4,3,5,PRESIDENT AND VICE PRESIDENT,4,23,23,1,1,1,138,0
123MB,WRITE-IN,,,0,4,3,6,PRESIDENT AND VICE PRESIDENT,4,23,23,1,1,1,138,1
123MB,DEM - LORETTA L. SANCHEZ,,1,0,5,5,1,US SENATOR,40,23,23,1,1,1,106,0
123MB,DEM - KAMALA D. HARRIS,,1,0,5,5,2,US SENATOR,66,23,23,1,1,1,106,0
123MB,DEM - RITA RAMIREZ,,1,0,6,6,1,US REPRESENTATIVE 8th DISTRICT,82,23,23,1,1,1,130,0
123MB,REP - PAUL COOK,,2,0,6,6,2,US REPRESENTATIVE 8th DISTRICT,48,23,23,1,1,1,130,0
123MB,REP - DEVON MATHIS,,2,0,7,7,1,STATE ASSEMBLY 26th DISTRICT,48,23,23,1,1,1,124,0
123MB,DEM - RUBEN MACARENO,,1,0,7,7,2,STATE ASSEMBLY 26th DISTRICT,76,23,23,1,1,1,124,0
123MB,YES,,,4,14,14,1,MEASURE 51,71,23,23,1,1,1,128,0
123MB,NO,,,4,14,14,2,MEASURE 51,57,23,23,1,1,1,128,0
123MB,YES,,,4,15,15,1,MEASURE 52,80,23,23,1,1,1,123,0
123MB,NO,,,4,15,15,2,MEASURE 52,43,23,23,1,1,1,123,0
123MB,YES,,,4,16,16,1,MEASURE 53,75,23,23,1,1,1,124,0
123MB,NO,,,4,16,16,2,MEASURE 53,49,23,23,1,1,1,124,0
123MB,YES,,,4,17,17,1,MEASURE 54,95,23,23,1,1,1,124,0
123MB,NO,,,4,17,17,2,MEASURE 54,29,23,23,1,1,1,124,0
123MB,YES,,,4,18,18,1,MEASURE 55,82,23,23,1,1,1,128,0
123MB,NO,,,4,18,18,2,MEASURE 55,46,23,23,1,1,1,128,0
123MB,YES,,,4,19,19,1,MEASURE 56,68,23,23,1,1,1,130,0
123MB,NO,,,4,19,19,2,MEASURE 56,62,23,23,1,1,1,130,0
123MB,YES,,,4,20,20,1,MEASURE 57,100,23,23,1,1,1,123,0
123MB,NO,,,4,20,20,2,MEASURE 57,23,23,23,1,1,1,123,0
123MB,YES,,,4,21,21,1,MEASURE 58,93,23,23,1,1,1,130,0
123MB,NO,,,4,21,21,2,MEASURE 58,37,23,23,1,1,1,130,0
123MB,YES,,,4,22,22,1,MEASURE 59,69,23,23,1,1,1,115,0
123MB,NO,,,4,22,22,2,MEASURE 59,46,23,23,1,1,1,115,0
123MB,YES,,,4,23,23,1,MEASURE 60,60,23,23,1,1,1,119,0
123MB,NO,,,4,23,23,2,MEASURE 60,59,23,23,1,1,1,119,0
123MB,YES,,,4,24,24,1,MEASURE 61,55,23,23,1,1,1,115,0
123MB,NO,,,4,24,24,2,MEASURE 61,60,23,23,1,1,1,115,0
123MB,YES,,,4,25,25,1,MEASURE 62,51,23,23,1,1,1,123,0
123MB,NO,,,4,25,25,2,MEASURE 62,72,23,23,1,1,1,123,0
123MB,YES,,,4,26,26,1,MEASURE 63,66,23,23,1,1,1,127,0
123MB,NO,,,4,26,26,2,MEASURE 63,61,23,23,1,1,1,127,0
123MB,YES,,,4,27,27,1,MEASURE 64,104,23,23,1,1,1,134,0
123MB,NO,,,4,27,27,2,MEASURE 64,30,23,23,1,1,1,134,0
123MB,YES,,,4,28,28,1,MEASURE 65,59,23,23,1,1,1,124,0
123MB,NO,,,4,28,28,2,MEASURE 65,65,23,23,1,1,1,124,0
123MB,YES,,,4,29,29,1,MEASURE 66,60,23,23,1,1,1,117,0
123MB,NO,,,4,29,29,2,MEASURE 66,57,23,23,1,1,1,117,0
123MB,YES,,,4,30,30,1,MEASURE 67,66,23,23,1,1,1,128,0
123MB,NO,,,4,30,30,2,MEASURE 67,62,23,23,1,1,1,128,0
123MB,YES,,,4,31,31,1,MEASURE G,95,23,23,1,1,1,126,0
123MB,NO,,,4,31,31,2,MEASURE G,31,23,23,1,1,1,126,0
123MB,YES,,,4,32,32,1,MEASURE H,91,23,23,1,1,1,126,0
123MB,NO,,,4,32,32,2,MEASURE H,35,23,23,1,1,1,126,0
123MB,YES,,,4,33,33,1,MEASURE I,78,23,23,1,1,1,123,0
123MB,NO,,,4,33,33,2,MEASURE I,45,23,23,1,1,1,123,0
124MB,Election Day Turnout,,,-2,0,-100,1,Registration & Turnout,1,24,24,0,0,0,128,0
124MB,Vote by Mail Turnout,,,-2,0,-100,2,Registration & Turnout,0,24,24,0,0,0,128,0
124MB,All Mail Precincts Turnout,,,-2,0,-100,3,Registration & Turnout,106,24,24,0,0,0,128,0
124MB,GRN - JILL STEIN,,3,0,4,3,1,PRESIDENT AND VICE PRESIDENT,3,24,24,1,1,1,106,0
124MB,DEM - HILLARY CLINTON,,1,0,4,3,2,PRESIDENT AND VICE PRESIDENT,66,24,24,1,1,1,106,0
124MB,PF - GLORIA ESTELA LA RIVA,,5,0,4,3,3,PRESIDENT AND VICE PRESIDENT,4,24,24,1,1,1,106,0
124MB,REP - DONALD J. TRUMP,,2,0,4,3,4,PRESIDENT AND VICE PRESIDENT,30,24,24,1,1,1,106,0
124MB,LIB - GARY JOHNSON,,4,0,4,3,5,PRESIDENT AND VICE PRESIDENT,2,24,24,1,1,1,106,0
124MB,WRITE-IN,,,0,4,3,6,PRESIDENT AND VICE PRESIDENT,1,24,24,1,1,1,106,1
124MB,DEM - LORETTA L. SANCHEZ,,1,0,5,5,1,US SENATOR,33,24,24,1,1,1,92,0
124MB,DEM - KAMALA D. HARRIS,,1,0,5,5,2,US SENATOR,59,24,24,1,1,1,92,0
124MB,DEM - RITA RAMIREZ,,1,0,6,6,1,US REPRESENTATIVE 8th DISTRICT,67,24,24,1,1,1,103,0
124MB,REP - PAUL COOK,,2,0,6,6,2,US REPRESENTATIVE 8th DISTRICT,36,24,24,1,1,1,103,0
124MB,REP - DEVON MATHIS,,2,0,7,7,1,STATE ASSEMBLY 26th DISTRICT,33,24,24,1,1,1,97,0
124MB,DEM - RUBEN MACARENO,,1,0,7,7,2,STATE ASSEMBLY 26th DISTRICT,64,24,24,1,1,1,97,0
124MB,YES,,,4,14,14,1,MEASURE 51,60,24,24,1,1,1,97,0
124MB,NO,,,4,14,14,2,MEASURE 51,37,24,24,1,1,1,97,0
124MB,YES,,,4,15,15,1,MEASURE 52,76,24,24,1,1,1,101,0
124MB,NO,,,4,15,15,2,MEASURE 52,25,24,24,1,1,1,101,0
124MB,YES,,,4,16,16,1,MEASURE 53,48,24,24,1,1,1,97,0
124MB,NO,,,4,16,16,2,MEASURE 53,49,24,24,1,1,1,97,0
124MB,YES,,,4,17,17,1,MEASURE 54,63,24,24,1,1,1,97,0
124MB,NO,,,4,17,17,2,MEASURE 54,34,24,24,1,1,1,97,0
124MB,YES,,,4,18,18,1,MEASURE 55,81,24,24,1,1,1,100,0
124MB,NO,,,4,18,18,2,MEASURE 55,19,24,24,1,1,1,100,0
124MB,YES,,,4,19,19,1,MEASURE 56,66,24,24,1,1,1,103,0
124MB,NO,,,4,19,19,2,MEASURE 56,37,24,24,1,1,1,103,0
124MB,YES,,,4,20,20,1,MEASURE 57,73,24,24,1,1,1,102,0
124MB,NO,,,4,20,20,2,MEASURE 57,29,24,24,1,1,1,102,0
124MB,YES,,,4,21,21,1,MEASURE 58,79,24,24,1,1,1,99,0
124MB,NO,,,4,21,21,2,MEASURE 58,20,24,24,1,1,1,99,0
124MB,YES,,,4,22,22,1,MEASURE 59,60,24,24,1,1,1,98,0
124MB,NO,,,4,22,22,2,MEASURE 59,38,24,24,1,1,1,98,0
124MB,YES,,,4,23,23,1,MEASURE 60,59,24,24,1,1,1,97,0
124MB,NO,,,4,23,23,2,MEASURE 60,38,24,24,1,1,1,97,0
124MB,YES,,,4,24,24,1,MEASURE 61,57,24,24,1,1,1,97,0
124MB,NO,,,4,24,24,2,MEASURE 61,40,24,24,1,1,1,97,0
124MB,YES,,,4,25,25,1,MEASURE 62,57,24,24,1,1,1,99,0
124MB,NO,,,4,25,25,2,MEASURE 62,42,24,24,1,1,1,99,0
124MB,YES,,,4,26,26,1,MEASURE 63,54,24,24,1,1,1,102,0
124MB,NO,,,4,26,26,2,MEASURE 63,48,24,24,1,1,1,102,0
124MB,YES,,,4,27,27,1,MEASURE 64,79,24,24,1,1,1,102,0
124MB,NO,,,4,27,27,2,MEASURE 64,23,24,24,1,1,1,102,0
124MB,YES,,,4,28,28,1,MEASURE 65,48,24,24,1,1,1,97,0
124MB,NO,,,4,28,28,2,MEASURE 65,49,24,24,1,1,1,97,0
124MB,YES,,,4,29,29,1,MEASURE 66,38,24,24,1,1,1,95,0
124MB,NO,,,4,29,29,2,MEASURE 66,57,24,24,1,1,1,95,0
124MB,YES,,,4,30,30,1,MEASURE 67,60,24,24,1,1,1,102,0
124MB,NO,,,4,30,30,2,MEASURE 67,42,24,24,1,1,1,102,0
124MB,YES,,,4,31,31,1,MEASURE G,81,24,24,1,1,1,102,0
124MB,NO,,,4,31,31,2,MEASURE G,21,24,24,1,1,1,102,0
124MB,YES,,,4,32,32,1,MEASURE H,81,24,24,1,1,1,103,0
124MB,NO,,,4,32,32,2,MEASURE H,22,24,24,1,1,1,103,0
124MB,YES,,,4,33,33,1,MEASURE I,67,24,24,1,1,1,100,0
124MB,NO,,,4,33,33,2,MEASURE I,33,24,24,1,1,1,100,0
124MB,YES,,,4,34,34,1,MEASURE F,61,24,24,1,1,1,101,0
124MB,NO,,,4,34,34,2,MEASURE F,40,24,24,1,1,1,101,0